-- phpMyAdmin SQL Dump
-- version 4.7.9
-- https://www.phpmyadmin.net/
--
-- Host: localhost:3306
-- Generation Time: Jul 23, 2018 at 02:01 PM
-- Server version: 10.2.16-MariaDB
-- PHP Version: 7.1.17

SET SQL_MODE = "NO_AUTO_VALUE_ON_ZERO";
SET AUTOCOMMIT = 0;
START TRANSACTION;
SET time_zone = "+00:00";


/*!40101 SET @OLD_CHARACTER_SET_CLIENT=@@CHARACTER_SET_CLIENT */;
/*!40101 SET @OLD_CHARACTER_SET_RESULTS=@@CHARACTER_SET_RESULTS */;
/*!40101 SET @OLD_COLLATION_CONNECTION=@@COLLATION_CONNECTION */;
/*!40101 SET NAMES utf8mb4 */;

--
-- Database: `u355881160_pirau`
--

-- --------------------------------------------------------

--
-- Table structure for table `movimentacao`
--

CREATE TABLE `movimentacao` (
  `id_mov` int(11) NOT NULL,
  `tipo_mov` varchar(45) COLLATE utf8_unicode_ci NOT NULL,
  `bool_est` varchar(16) COLLATE utf8_unicode_ci DEFAULT NULL,
  `id_forn` int(11) DEFAULT NULL,
  `ref` varchar(10) CHARACTER SET utf8 NOT NULL,
  `cor` varchar(45) COLLATE utf8_unicode_ci DEFAULT NULL,
  `tamanho` varchar(45) COLLATE utf8_unicode_ci DEFAULT NULL,
  `quantidade` int(5) DEFAULT NULL,
  `data_op` timestamp NOT NULL DEFAULT current_timestamp(),
  `preco_ent` decimal(8,2) DEFAULT NULL,
  `preco_sai` decimal(8,2) DEFAULT NULL,
  `desconto` decimal(8,2) DEFAULT NULL,
  `id_ant` int(5) DEFAULT NULL,
  `Obs` varchar(1024) COLLATE utf8_unicode_ci DEFAULT NULL
) ENGINE=MyISAM DEFAULT CHARSET=utf8 COLLATE=utf8_unicode_ci;

--
-- Dumping data for table `movimentacao`
--

INSERT INTO `movimentacao` (`id_mov`, `tipo_mov`, `bool_est`, `id_forn`, `ref`, `cor`, `tamanho`, `quantidade`, `data_op`, `preco_ent`, `preco_sai`, `desconto`, `id_ant`, `Obs`) VALUES
(1, 'Compra', 'S', 1, '154', 'MARROM', 'P', 1, '2018-07-18 18:53:31', '27.92', NULL, NULL, NULL, 'Pedido PE0224'),
(2, 'Compra', 'S', 1, '154', 'MARROM', 'M', 1, '2018-07-18 18:53:31', '27.92', NULL, NULL, NULL, 'Pedido PE0224'),
(3, 'Compra', 'S', 1, '154', 'MARROM', 'G', 1, '2018-07-18 18:53:31', '27.92', NULL, NULL, NULL, 'Pedido PE0224'),
(4, 'Compra', 'S', 1, '502E', 'VL066', 'M', 1, '2018-07-18 18:53:31', '27.92', NULL, NULL, NULL, 'Pedido PE0224'),
(5, 'Compra', 'S', 1, '083E', 'VL081', 'M', 1, '2018-07-18 18:53:31', '37.52', NULL, NULL, NULL, 'Pedido PE0224'),
(6, 'Compra', 'S', 1, '815EP', 'VL079', 'GG', 1, '2018-07-18 18:53:31', '37.52', NULL, NULL, NULL, 'Pedido PE0224'),
(7, 'Compra', 'S', 1, '714E', 'VL088', 'M', 1, '2018-07-18 18:53:31', '26.32', NULL, NULL, NULL, 'Pedido PE0224'),
(8, 'Compra', 'S', 1, '263', 'PRETO', 'P', 2, '2018-07-18 18:53:31', '35.92', NULL, NULL, NULL, 'Pedido PE0224'),
(9, 'Compra', 'S', 1, '263', 'PRETO', 'G', 2, '2018-07-18 18:53:31', '35.92', NULL, NULL, NULL, 'Pedido PE0224'),
(10, 'Compra', 'S', 1, '263', 'PRETO', 'GG', 2, '2018-07-18 18:53:31', '35.92', NULL, NULL, NULL, 'Pedido PE0224'),
(11, 'Compra', 'S', 1, '824', 'PRETO', 'M', 1, '2018-07-18 18:53:31', '21.52', NULL, NULL, NULL, 'Pedido PE0224'),
(12, 'Compra', 'S', 1, '015E', 'VL098', 'G', 1, '2018-07-18 18:53:31', '15.12', NULL, NULL, NULL, 'Pedido PE0224'),
(13, 'Compra', 'S', 1, '824', 'SCARLET', 'P', 1, '2018-07-18 18:53:31', '21.52', NULL, NULL, NULL, 'Pedido PE0224'),
(14, 'Compra', 'S', 1, '001E', 'VL095', 'P', 1, '2018-07-18 18:53:31', '9.52', NULL, NULL, NULL, 'Pedido PE0224'),
(15, 'Compra', 'S', 1, '207P', 'MARINHO', 'GG', 1, '2018-07-18 18:53:31', '23.92', NULL, NULL, NULL, 'Pedido PE0224'),
(16, 'Compra', 'S', 1, '717EP', 'VL305', 'G', 1, '2018-07-18 18:53:31', '31.92', NULL, NULL, NULL, 'Pedido PE0224'),
(17, 'Compra', 'S', 1, '211P', 'BISTRO', 'EG', 1, '2018-07-18 18:53:31', '27.12', NULL, NULL, NULL, 'Pedido PE0224'),
(18, 'Compra', 'S', 1, '801', 'PRETO', 'P', 1, '2018-07-18 18:53:31', '13.52', NULL, NULL, NULL, 'Pedido PE0224'),
(19, 'Compra', 'S', 1, '801', 'PRETO', 'M', 1, '2018-07-18 18:53:31', '13.52', NULL, NULL, NULL, 'Pedido PE0224'),
(20, 'Compra', 'S', 1, '001E', 'VL097', 'M', 1, '2018-07-18 18:53:31', '9.52', NULL, NULL, NULL, 'Pedido PE0224'),
(21, 'Compra', 'S', 1, '209', 'MAGIC', 'M', 1, '2018-07-18 18:53:31', '17.52', NULL, NULL, NULL, 'Pedido PE0224'),
(22, 'Compra', 'S', 1, '528P', 'PRETO', 'G', 1, '2018-07-18 18:53:31', '26.32', NULL, NULL, NULL, 'Pedido PE0224'),
(23, 'Compra', 'S', 1, '527EP', 'VL297', 'GG', 1, '2018-07-18 18:53:31', '34.32', NULL, NULL, NULL, 'Pedido PE0224'),
(24, 'Compra', 'S', 1, '015P', 'PRETO', 'GG', 1, '2018-07-18 18:53:31', '15.92', NULL, NULL, NULL, 'Pedido PE0224'),
(25, 'Compra', 'S', 1, '015P', 'PRETO', 'EG', 1, '2018-07-18 18:53:31', '15.92', NULL, NULL, NULL, 'Pedido PE0224'),
(26, 'Compra', 'S', 1, '1000', 'SCARLET', 'M', 1, '2018-07-18 18:53:31', '13.52', NULL, NULL, NULL, 'Pedido PE0224'),
(27, 'Compra', 'S', 1, '010P', 'LAGO', 'EG', 1, '2018-07-18 18:53:31', '17.52', NULL, NULL, NULL, 'Pedido PE0224'),
(28, 'Compra', 'S', 1, '717EP', 'VL296', 'EG', 1, '2018-07-18 18:53:31', '31.92', NULL, NULL, NULL, 'Pedido PE0224'),
(29, 'Compra', 'S', 1, '002', 'SNOWWHITE', 'M', 1, '2018-07-18 18:53:31', '8.72', NULL, NULL, NULL, 'Pedido PE0224'),
(30, 'Compra', 'S', 1, '002', 'SNOWWHITE', 'G', 1, '2018-07-18 18:53:31', '8.72', NULL, NULL, NULL, 'Pedido PE0224'),
(31, 'Compra', 'S', 1, '234', 'PRETO', 'G', 1, '2018-07-18 18:53:31', '42.32', NULL, NULL, NULL, 'Pedido PE0224'),
(32, 'Compra', 'S', 1, '212', 'SCARLET', 'GG', 1, '2018-07-18 18:53:31', '23.92', NULL, NULL, NULL, 'Pedido PE0224'),
(33, 'Compra', 'S', 1, '530', 'PRETO', 'P', 1, '2018-07-18 18:53:31', '27.92', NULL, NULL, NULL, 'Pedido PE0224'),
(34, 'Compra', 'S', 1, '530', 'PRETO', 'GG', 1, '2018-07-18 18:53:31', '27.92', NULL, NULL, NULL, 'Pedido PE0224'),
(35, 'Compra', 'S', 1, '243', 'GALAXY', 'G', 1, '2018-07-18 18:53:31', '35.12', NULL, NULL, NULL, 'Pedido PE0224'),
(36, 'Compra', 'S', 1, '261', 'MARINHO', 'GG', 1, '2018-07-18 18:53:31', '29.52', NULL, NULL, NULL, 'Pedido PE0224'),
(37, 'Compra', 'S', 1, '460', 'MARROM', 'M', 1, '2018-07-18 18:53:31', '19.92', NULL, NULL, NULL, 'Pedido PE0224'),
(38, 'Compra', 'S', 1, '015E', 'VL021', 'P', 1, '2018-07-18 18:53:31', '15.12', NULL, NULL, NULL, 'Pedido PE0224'),
(39, 'Compra', 'S', 1, '243P', 'PRETO', 'GG', 1, '2018-07-18 18:53:31', '38.32', NULL, NULL, NULL, 'Pedido PE0224'),
(40, 'Compra', 'S', 1, '801P', 'PRETO', 'GG', 1, '2018-07-18 18:53:31', '15.92', NULL, NULL, NULL, 'Pedido PE0224'),
(41, 'Compra', 'S', 1, '354P', 'PRETO', 'GG', 1, '2018-07-18 18:53:31', '33.52', NULL, NULL, NULL, 'Pedido PE0224'),
(42, 'Compra', 'S', 1, '354P', 'PRETO', 'EG', 1, '2018-07-18 18:53:31', '33.52', NULL, NULL, NULL, 'Pedido PE0224'),
(43, 'Compra', 'S', 1, '801E', 'VL098', 'P', 1, '2018-07-18 18:53:31', '15.12', NULL, NULL, NULL, 'Pedido PE0224'),
(44, 'Compra', 'S', 1, '243', 'MAGIC', 'P', 1, '2018-07-18 18:53:31', '35.12', NULL, NULL, NULL, 'Pedido PE0224'),
(45, 'Compra', 'S', 1, '523P', 'MARINHO', 'GG', 1, '2018-07-18 18:53:31', '34.32', NULL, NULL, NULL, 'Pedido PE0224'),
(46, 'Compra', 'S', 1, '527E', 'VL108', 'G', 1, '2018-07-18 18:53:31', '31.12', NULL, NULL, NULL, 'Pedido PE0224'),
(47, 'Compra', 'S', 1, '083E', 'VL043', 'G', 1, '2018-07-18 18:53:31', '37.52', NULL, NULL, NULL, 'Pedido PE0224'),
(48, 'Compra', 'S', 1, '354', 'PRETO', 'P', 1, '2018-07-18 18:53:31', '30.32', NULL, NULL, NULL, 'Pedido PE0224'),
(49, 'Compra', 'S', 1, '260P', 'PRETO', 'EG', 2, '2018-07-18 18:53:31', '34.32', NULL, NULL, NULL, 'Pedido PE0224'),
(50, 'Compra', 'S', 1, '209P', 'GALAXY', 'GG', 1, '2018-07-18 18:53:31', '19.92', NULL, NULL, NULL, 'Pedido PE0224'),
(51, 'Compra', 'S', 1, '210E', 'VC670', 'M', 1, '2018-07-18 18:53:31', '19.92', NULL, NULL, NULL, 'Pedido PE0224'),
(52, 'Compra', 'S', 1, '815EP', 'VL078', 'G', 1, '2018-07-18 18:53:31', '37.52', NULL, NULL, NULL, 'Pedido PE0224'),
(53, 'Compra', 'S', 1, '392', 'PRETO', 'P', 1, '2018-07-18 18:53:31', '31.92', NULL, NULL, NULL, 'Pedido PE0224'),
(54, 'Compra', 'S', 1, '392', 'PRETO', 'M', 1, '2018-07-18 18:53:31', '31.92', NULL, NULL, NULL, 'Pedido PE0224'),
(55, 'Compra', 'S', 1, '392', 'PRETO', 'G', 1, '2018-07-18 18:53:31', '31.92', NULL, NULL, NULL, 'Pedido PE0224'),
(56, 'Compra', 'S', 1, '714E', 'VL051', 'P', 1, '2018-07-18 18:53:31', '26.32', NULL, NULL, NULL, 'Pedido PE0224'),
(57, 'Compra', 'S', 1, '108E', 'VL076', 'GG', 1, '2018-07-18 18:53:31', '15.92', NULL, NULL, NULL, 'Pedido PE0224'),
(58, 'Compra', 'S', 1, '213', 'BISTRO', 'P', 1, '2018-07-18 18:53:31', '17.52', NULL, NULL, NULL, 'Pedido PE0224'),
(59, 'Compra', 'S', 1, '260', 'BISTRO', 'G', 1, '2018-07-18 18:53:31', '29.52', NULL, NULL, NULL, 'Pedido PE0224'),
(60, 'Compra', 'S', 1, '2000', 'PRETO', 'M', 1, '2018-07-18 18:53:31', '14.32', NULL, NULL, NULL, 'Pedido PE0224'),
(61, 'Compra', 'S', 1, '001', 'SNOWWHITE', 'M', 1, '2018-07-18 18:53:31', '7.92', NULL, NULL, NULL, 'Pedido PE0224'),
(62, 'Compra', 'S', 1, '001', 'MARINHO', 'M', 1, '2018-07-18 18:53:31', '7.92', NULL, NULL, NULL, 'Pedido PE0224'),
(63, 'Compra', 'S', 1, '001', 'PRETO', 'P', 1, '2018-07-18 18:53:31', '7.92', NULL, NULL, NULL, 'Pedido PE0224'),
(64, 'Compra', 'S', 1, '001', 'PRETO', 'G', 1, '2018-07-18 18:53:31', '7.92', NULL, NULL, NULL, 'Pedido PE0224'),
(65, 'Compra', 'S', 1, '001', 'BRANCO', 'M', 1, '2018-07-18 18:53:32', '7.92', NULL, NULL, NULL, 'Pedido PE0224'),
(66, 'Compra', 'S', 1, '001P', 'MARINHO', 'GG', 1, '2018-07-18 18:53:32', '9.52', NULL, NULL, NULL, 'Pedido PE0224'),
(67, 'Compra', 'S', 1, '001P', 'MAGIC', 'EG', 1, '2018-07-18 18:53:32', '9.52', NULL, NULL, NULL, 'Pedido PE0224'),
(68, 'Compra', 'S', 1, '001P', 'PRETO', 'GG', 1, '2018-07-18 18:53:32', '9.52', NULL, NULL, NULL, 'Pedido PE0224'),
(69, 'Compra', 'S', 1, '002', 'MARINHO', 'M', 1, '2018-07-18 18:53:32', '8.72', NULL, NULL, NULL, 'Pedido PE0224'),
(70, 'Compra', 'S', 1, '002', 'MARINHO', 'GG', 1, '2018-07-18 18:53:32', '8.72', NULL, NULL, NULL, 'Pedido PE0224'),
(71, 'Compra', 'S', 1, '002', 'GALAXY', 'G', 1, '2018-07-18 18:53:32', '8.72', NULL, NULL, NULL, 'Pedido PE0224'),
(72, 'Compra', 'S', 1, '002', 'PRETO', 'P', 1, '2018-07-18 18:53:32', '8.72', NULL, NULL, NULL, 'Pedido PE0224'),
(73, 'Compra', 'S', 1, '002', 'PRETO', 'M', 1, '2018-07-18 18:53:32', '8.72', NULL, NULL, NULL, 'Pedido PE0224'),
(74, 'Compra', 'S', 1, '002', 'PRETO', 'G', 1, '2018-07-18 18:53:32', '8.72', NULL, NULL, NULL, 'Pedido PE0224'),
(75, 'Compra', 'S', 1, '002', 'PRETO', 'GG', 1, '2018-07-18 18:53:32', '8.72', NULL, NULL, NULL, 'Pedido PE0224'),
(76, 'Compra', 'S', 1, '002', 'BISTRO', 'M', 1, '2018-07-18 18:53:32', '8.72', NULL, NULL, NULL, 'Pedido PE0224'),
(77, 'Compra', 'S', 1, '006', 'PRETO', 'P', 1, '2018-07-18 18:53:32', '9.52', NULL, NULL, NULL, 'Pedido PE0224'),
(78, 'Compra', 'S', 1, '006', 'PRETO', 'M', 1, '2018-07-18 18:53:32', '9.52', NULL, NULL, NULL, 'Pedido PE0224'),
(79, 'Compra', 'S', 1, '006', 'PRETO', 'G', 1, '2018-07-18 18:53:32', '9.52', NULL, NULL, NULL, 'Pedido PE0224'),
(80, 'Compra', 'S', 1, '006', 'PRETO', 'GG', 1, '2018-07-18 18:53:32', '9.52', NULL, NULL, NULL, 'Pedido PE0224'),
(81, 'Compra', 'S', 1, '006', 'SNOWWHITE', 'M', 1, '2018-07-18 18:53:32', '9.52', NULL, NULL, NULL, 'Pedido PE0224'),
(82, 'Compra', 'S', 1, '006', 'MAGIC', 'G', 1, '2018-07-18 18:53:32', '9.52', NULL, NULL, NULL, 'Pedido PE0224'),
(83, 'Compra', 'S', 1, '006', 'SCARLET', 'M', 1, '2018-07-18 18:53:32', '9.52', NULL, NULL, NULL, 'Pedido PE0224'),
(84, 'Compra', 'S', 1, '006', 'BRANCO', 'G', 1, '2018-07-18 18:53:32', '9.52', NULL, NULL, NULL, 'Pedido PE0224'),
(85, 'Compra', 'S', 1, '002E', 'VL094', 'GG', 1, '2018-07-18 18:53:32', '10.32', NULL, NULL, NULL, 'Pedido PE0224'),
(86, 'Compra', 'S', 1, '002E', 'VL099', 'P', 1, '2018-07-18 18:53:32', '10.32', NULL, NULL, NULL, 'Pedido PE0224'),
(87, 'Compra', 'S', 1, '002E', 'VL095', 'G', 1, '2018-07-18 18:53:32', '10.32', NULL, NULL, NULL, 'Pedido PE0224'),
(88, 'Compra', 'S', 1, '002E', 'VL093', 'M', 1, '2018-07-18 18:53:32', '10.32', NULL, NULL, NULL, 'Pedido PE0224'),
(89, 'Compra', 'S', 1, '001E', 'VL093', 'G', 1, '2018-07-18 18:53:32', '9.52', NULL, NULL, NULL, 'Pedido PE0224'),
(90, 'Compra', 'S', 1, '001EP', 'VL091', 'EG', 1, '2018-07-18 18:53:32', '10.32', NULL, NULL, NULL, 'Pedido PE0224'),
(91, 'Compra', 'S', 1, '001EP', 'VL097', 'GG', 1, '2018-07-18 18:53:32', '10.32', NULL, NULL, NULL, 'Pedido PE0224'),
(92, 'Compra', 'S', 1, '010P', 'GALAXY', 'GG', 1, '2018-07-18 18:53:32', '17.52', NULL, NULL, NULL, 'Pedido PE0224'),
(93, 'Compra', 'S', 1, '015', 'BISTRO', 'P', 1, '2018-07-18 18:53:32', '13.52', NULL, NULL, NULL, 'Pedido PE0224'),
(94, 'Compra', 'S', 1, '015', 'BRANCO', 'M', 1, '2018-07-18 18:53:32', '13.52', NULL, NULL, NULL, 'Pedido PE0224'),
(95, 'Compra', 'S', 1, '015', 'PRETO', 'P', 1, '2018-07-18 18:53:32', '13.52', NULL, NULL, NULL, 'Pedido PE0224'),
(96, 'Compra', 'S', 1, '015', 'PRETO', 'M', 1, '2018-07-18 18:53:32', '13.52', NULL, NULL, NULL, 'Pedido PE0224'),
(97, 'Compra', 'S', 1, '015', 'PRETO', 'G', 1, '2018-07-18 18:53:32', '13.52', NULL, NULL, NULL, 'Pedido PE0224'),
(98, 'Compra', 'S', 1, '015', 'GALAXY', 'G', 1, '2018-07-18 18:53:32', '13.52', NULL, NULL, NULL, 'Pedido PE0224'),
(99, 'Compra', 'S', 1, '015', 'MARINHO', 'M', 1, '2018-07-18 18:53:32', '13.52', NULL, NULL, NULL, 'Pedido PE0224'),
(100, 'Compra', 'S', 1, '015P', 'SCARLET', 'GG', 1, '2018-07-18 18:53:32', '15.92', NULL, NULL, NULL, 'Pedido PE0224'),
(101, 'Compra', 'S', 1, '015P', 'MARINHO', 'EG', 1, '2018-07-18 18:53:32', '15.92', NULL, NULL, NULL, 'Pedido PE0224'),
(102, 'Compra', 'S', 1, '015E', 'VL091', 'M', 1, '2018-07-18 18:53:32', '15.12', NULL, NULL, NULL, 'Pedido PE0224'),
(103, 'Compra', 'S', 1, '015E', 'VL096', 'G', 1, '2018-07-18 18:53:32', '15.12', NULL, NULL, NULL, 'Pedido PE0224'),
(104, 'Compra', 'S', 1, '015E', 'VL095', 'P', 1, '2018-07-18 18:53:32', '15.12', NULL, NULL, NULL, 'Pedido PE0224'),
(105, 'Compra', 'S', 1, '015EP', 'VL097', 'GG', 1, '2018-07-18 18:53:32', '17.52', NULL, NULL, NULL, 'Pedido PE0224'),
(106, 'Compra', 'S', 1, '015EP', 'VL099', 'EG', 1, '2018-07-18 18:53:32', '17.52', NULL, NULL, NULL, 'Pedido PE0224'),
(107, 'Compra', 'S', 1, '015EP', 'VL304', 'GG', 1, '2018-07-18 18:53:32', '17.52', NULL, NULL, NULL, 'Pedido PE0224'),
(108, 'Compra', 'S', 1, '015EP', 'VL299', 'EG', 1, '2018-07-18 18:53:32', '17.52', NULL, NULL, NULL, 'Pedido PE0224'),
(109, 'Compra', 'S', 1, '083E', 'VL296', 'P', 1, '2018-07-18 18:53:32', '37.52', NULL, NULL, NULL, 'Pedido PE0224'),
(110, 'Compra', 'S', 1, '1000', 'BRANCO', 'P', 1, '2018-07-18 18:53:32', '13.52', NULL, NULL, NULL, 'Pedido PE0224'),
(111, 'Compra', 'S', 1, '1000', 'PRETO', 'G', 1, '2018-07-18 18:53:32', '13.52', NULL, NULL, NULL, 'Pedido PE0224'),
(112, 'Compra', 'S', 1, '1000P', 'BRANCO', 'GG', 1, '2018-07-18 18:53:32', '15.92', NULL, NULL, NULL, 'Pedido PE0224'),
(113, 'Compra', 'S', 1, '1000P', 'PRETO', 'EG', 1, '2018-07-18 18:53:32', '15.92', NULL, NULL, NULL, 'Pedido PE0224'),
(114, 'Compra', 'S', 1, '207P', 'MAGIC', 'EG', 1, '2018-07-18 18:53:32', '23.92', NULL, NULL, NULL, 'Pedido PE0224'),
(115, 'Compra', 'S', 1, '207P', 'PRETO', 'G', 1, '2018-07-18 18:53:32', '23.92', NULL, NULL, NULL, 'Pedido PE0224'),
(116, 'Compra', 'S', 1, '209', 'MARINHO', 'G', 1, '2018-07-18 18:53:32', '17.52', NULL, NULL, NULL, 'Pedido PE0224'),
(117, 'Compra', 'S', 1, '209', 'PRETO', 'P', 1, '2018-07-18 18:53:32', '17.52', NULL, NULL, NULL, 'Pedido PE0224'),
(118, 'Compra', 'S', 1, '209P', 'PRETO', 'EG', 1, '2018-07-18 18:53:32', '19.92', NULL, NULL, NULL, 'Pedido PE0224'),
(119, 'Compra', 'S', 1, '210', 'MAGIC', 'M', 1, '2018-07-18 18:53:32', '19.92', NULL, NULL, NULL, 'Pedido PE0224'),
(120, 'Compra', 'S', 1, '210', 'PRETO', 'P', 1, '2018-07-18 18:53:32', '19.92', NULL, NULL, NULL, 'Pedido PE0224'),
(121, 'Compra', 'S', 1, '211P', 'MAGIC', 'G', 1, '2018-07-18 18:53:32', '27.12', NULL, NULL, NULL, 'Pedido PE0224'),
(122, 'Compra', 'S', 1, '211P', 'PRETO', 'GG', 1, '2018-07-18 18:53:32', '27.12', NULL, NULL, NULL, 'Pedido PE0224'),
(123, 'Compra', 'S', 1, '212', 'BRANCO', 'G', 1, '2018-07-18 18:53:32', '23.92', NULL, NULL, NULL, 'Pedido PE0224'),
(124, 'Compra', 'S', 1, '212', 'GALAXY', 'P', 1, '2018-07-18 18:53:32', '23.92', NULL, NULL, NULL, 'Pedido PE0224'),
(125, 'Compra', 'S', 1, '213', 'MARROM', 'G', 1, '2018-07-18 18:53:32', '17.52', NULL, NULL, NULL, 'Pedido PE0224'),
(126, 'Compra', 'S', 1, '213', 'PRETO', 'M', 1, '2018-07-18 18:53:32', '17.52', NULL, NULL, NULL, 'Pedido PE0224'),
(127, 'Compra', 'S', 1, '234', 'SCARLET', 'M', 1, '2018-07-18 18:53:32', '42.32', NULL, NULL, NULL, 'Pedido PE0224'),
(128, 'Compra', 'S', 1, '243', 'PRETO', 'M', 1, '2018-07-18 18:53:32', '35.12', NULL, NULL, NULL, 'Pedido PE0224'),
(129, 'Compra', 'S', 1, '261', 'GALAXY', 'M', 1, '2018-07-18 18:53:32', '29.52', NULL, NULL, NULL, 'Pedido PE0224'),
(130, 'Compra', 'S', 1, '261', 'MARROM', 'G', 1, '2018-07-18 18:53:32', '29.52', NULL, NULL, NULL, 'Pedido PE0224'),
(131, 'Compra', 'S', 1, '261', 'PRETO', 'P', 2, '2018-07-18 18:53:32', '29.52', NULL, NULL, NULL, 'Pedido PE0224'),
(132, 'Compra', 'S', 1, '261', 'PRETO', 'M', 2, '2018-07-18 18:53:32', '29.52', NULL, NULL, NULL, 'Pedido PE0224'),
(133, 'Compra', 'S', 1, '261', 'PRETO', 'G', 2, '2018-07-18 18:53:32', '29.52', NULL, NULL, NULL, 'Pedido PE0224'),
(134, 'Compra', 'S', 1, '261', 'PRETO', 'GG', 2, '2018-07-18 18:53:32', '29.52', NULL, NULL, NULL, 'Pedido PE0224'),
(135, 'Compra', 'S', 1, '261', 'BIC', 'P', 1, '2018-07-18 18:53:32', '29.52', NULL, NULL, NULL, 'Pedido PE0224'),
(136, 'Compra', 'S', 1, '262', 'BISTRO', 'G', 1, '2018-07-18 18:53:32', '29.52', NULL, NULL, NULL, 'Pedido PE0224'),
(137, 'Compra', 'S', 1, '262', 'MARINHO', 'P', 1, '2018-07-18 18:53:32', '29.52', NULL, NULL, NULL, 'Pedido PE0224'),
(138, 'Compra', 'S', 1, '262', 'PRETO', 'P', 2, '2018-07-18 18:53:32', '29.52', NULL, NULL, NULL, 'Pedido PE0224'),
(139, 'Compra', 'S', 1, '262', 'PRETO', 'M', 2, '2018-07-18 18:53:32', '29.52', NULL, NULL, NULL, 'Pedido PE0224'),
(140, 'Compra', 'S', 1, '262', 'PRETO', 'GG', 2, '2018-07-18 18:53:32', '29.52', NULL, NULL, NULL, 'Pedido PE0224'),
(141, 'Compra', 'S', 1, '262', 'MARROM', 'G', 2, '2018-07-18 18:53:32', '29.52', NULL, NULL, NULL, 'Pedido PE0224'),
(142, 'Compra', 'S', 1, '262', 'MAGIC', 'M', 1, '2018-07-18 18:53:32', '29.52', NULL, NULL, NULL, 'Pedido PE0224'),
(143, 'Compra', 'S', 1, '263', 'GALAXY', 'P', 1, '2018-07-18 18:53:32', '35.92', NULL, NULL, NULL, 'Pedido PE0224'),
(144, 'Compra', 'S', 1, '263', 'MARROM', 'G', 1, '2018-07-18 18:53:32', '35.92', NULL, NULL, NULL, 'Pedido PE0224'),
(145, 'Compra', 'S', 1, '263', 'MARROM', 'GG', 1, '2018-07-18 18:53:32', '35.92', NULL, NULL, NULL, 'Pedido PE0224'),
(146, 'Compra', 'S', 1, '263', 'MAGIC', 'M', 1, '2018-07-18 18:53:32', '35.92', NULL, NULL, NULL, 'Pedido PE0224'),
(147, 'Compra', 'S', 1, '263P', 'MARROM', 'EG', 1, '2018-07-18 18:53:32', '39.92', NULL, NULL, NULL, 'Pedido PE0224'),
(148, 'Compra', 'S', 1, '263P', 'PRETO', 'EG', 2, '2018-07-18 18:53:32', '39.92', NULL, NULL, NULL, 'Pedido PE0224'),
(149, 'Compra', 'S', 1, '317', 'MARINHO', 'M', 1, '2018-07-18 18:53:32', '31.92', NULL, NULL, NULL, 'Pedido PE0224'),
(150, 'Compra', 'S', 1, '317', 'PRETO', 'G', 1, '2018-07-18 18:53:32', '31.92', NULL, NULL, NULL, 'Pedido PE0224'),
(151, 'Compra', 'S', 1, '317', 'MARROM', 'P', 1, '2018-07-18 18:53:32', '31.92', NULL, NULL, NULL, 'Pedido PE0224'),
(152, 'Compra', 'S', 1, '355', 'PRETO', 'P', 2, '2018-07-18 18:53:32', '30.32', NULL, NULL, NULL, 'Pedido PE0224'),
(153, 'Compra', 'S', 1, '355', 'PRETO', 'G', 2, '2018-07-18 18:53:32', '30.32', NULL, NULL, NULL, 'Pedido PE0224'),
(154, 'Compra', 'S', 1, '387', 'BRANCO', 'P', 1, '2018-07-18 18:53:32', '27.92', NULL, NULL, NULL, 'Pedido PE0224'),
(155, 'Compra', 'S', 1, '387', 'BRANCO', 'M', 1, '2018-07-18 18:53:32', '27.92', NULL, NULL, NULL, 'Pedido PE0224'),
(156, 'Compra', 'S', 1, '387', 'BRANCO', 'G', 1, '2018-07-18 18:53:32', '27.92', NULL, NULL, NULL, 'Pedido PE0224'),
(157, 'Compra', 'S', 1, '387', 'PRETO', 'P', 1, '2018-07-18 18:53:32', '27.92', NULL, NULL, NULL, 'Pedido PE0224'),
(158, 'Compra', 'S', 1, '387', 'PRETO', 'G', 1, '2018-07-18 18:53:32', '27.92', NULL, NULL, NULL, 'Pedido PE0224'),
(159, 'Compra', 'S', 1, '387P', 'PRETO', 'GG', 1, '2018-07-18 18:53:32', '31.92', NULL, NULL, NULL, 'Pedido PE0224'),
(160, 'Compra', 'S', 1, '387P', 'PRETO', 'EG', 1, '2018-07-18 18:53:32', '31.92', NULL, NULL, NULL, 'Pedido PE0224'),
(161, 'Compra', 'S', 1, '387P', 'BRANCO', 'EG', 1, '2018-07-18 18:53:32', '31.92', NULL, NULL, NULL, 'Pedido PE0224'),
(162, 'Compra', 'S', 1, '388', 'BRANCO', 'P', 1, '2018-07-18 18:53:32', '21.52', NULL, NULL, NULL, 'Pedido PE0224'),
(163, 'Compra', 'S', 1, '388', 'BRANCO', 'M', 1, '2018-07-18 18:53:32', '21.52', NULL, NULL, NULL, 'Pedido PE0224'),
(164, 'Compra', 'S', 1, '388', 'BRANCO', 'G', 1, '2018-07-18 18:53:32', '21.52', NULL, NULL, NULL, 'Pedido PE0224'),
(165, 'Compra', 'S', 1, '388', 'PRETO', 'P', 1, '2018-07-18 18:53:32', '21.52', NULL, NULL, NULL, 'Pedido PE0224'),
(166, 'Compra', 'S', 1, '388', 'PRETO', 'M', 1, '2018-07-18 18:53:32', '21.52', NULL, NULL, NULL, 'Pedido PE0224'),
(167, 'Compra', 'S', 1, '388', 'PRETO', 'G', 1, '2018-07-18 18:53:32', '21.52', NULL, NULL, NULL, 'Pedido PE0224'),
(168, 'Compra', 'S', 1, '389P', 'PRETO', 'GG', 1, '2018-07-18 18:53:32', '37.52', NULL, NULL, NULL, 'Pedido PE0224'),
(169, 'Compra', 'S', 1, '393P', 'PRETO', 'GG', 1, '2018-07-18 18:53:32', '31.12', NULL, NULL, NULL, 'Pedido PE0224'),
(170, 'Compra', 'S', 1, '393P', 'PRETO', 'EG', 1, '2018-07-18 18:53:32', '31.12', NULL, NULL, NULL, 'Pedido PE0224'),
(171, 'Compra', 'S', 1, '454P', 'PRETO', 'GG', 1, '2018-07-18 18:53:32', '31.12', NULL, NULL, NULL, 'Pedido PE0224'),
(172, 'Compra', 'S', 1, '454P', 'PRETO', 'EG', 1, '2018-07-18 18:53:32', '31.12', NULL, NULL, NULL, 'Pedido PE0224'),
(173, 'Compra', 'S', 1, '455', 'PRETO', 'P', 1, '2018-07-18 18:53:32', '31.92', NULL, NULL, NULL, 'Pedido PE0224'),
(174, 'Compra', 'S', 1, '455', 'PRETO', 'M', 1, '2018-07-18 18:53:32', '31.92', NULL, NULL, NULL, 'Pedido PE0224'),
(175, 'Compra', 'S', 1, '455', 'PRETO', 'G', 1, '2018-07-18 18:53:32', '31.92', NULL, NULL, NULL, 'Pedido PE0224'),
(176, 'Compra', 'S', 1, '455P', 'PRETO', 'GG', 1, '2018-07-18 18:53:32', '37.52', NULL, NULL, NULL, 'Pedido PE0224'),
(177, 'Compra', 'S', 1, '455P', 'PRETO', 'EG', 1, '2018-07-18 18:53:32', '37.52', NULL, NULL, NULL, 'Pedido PE0224'),
(178, 'Compra', 'S', 1, '460', 'PRETO', 'P', 1, '2018-07-18 18:53:32', '19.92', NULL, NULL, NULL, 'Pedido PE0224'),
(179, 'Compra', 'S', 1, '506', 'MARINHO', 'G', 1, '2018-07-18 18:53:32', '23.92', NULL, NULL, NULL, 'Pedido PE0224'),
(180, 'Compra', 'S', 1, '506', 'PRETO', 'P', 1, '2018-07-18 18:53:32', '23.92', NULL, NULL, NULL, 'Pedido PE0224'),
(181, 'Compra', 'S', 1, '524', 'PRETO', 'P', 1, '2018-07-18 18:53:32', '31.92', NULL, NULL, NULL, 'Pedido PE0224'),
(182, 'Compra', 'S', 1, '529', 'PRETO', 'P', 1, '2018-07-18 18:53:32', '25.52', NULL, NULL, NULL, 'Pedido PE0224'),
(183, 'Compra', 'S', 1, '529', 'GALAXY', 'M', 1, '2018-07-18 18:53:32', '25.52', NULL, NULL, NULL, 'Pedido PE0224'),
(184, 'Compra', 'S', 1, '530', 'MARROM', 'M', 1, '2018-07-18 18:53:32', '27.92', NULL, NULL, NULL, 'Pedido PE0224'),
(185, 'Compra', 'S', 1, '530', 'MARINHO', 'G', 1, '2018-07-18 18:53:32', '27.92', NULL, NULL, NULL, 'Pedido PE0224'),
(186, 'Compra', 'S', 1, '716E', 'VL030', 'M', 1, '2018-07-18 18:53:32', '26.32', NULL, NULL, NULL, 'Pedido PE0224'),
(187, 'Compra', 'S', 1, '801', 'BRANCO', 'P', 1, '2018-07-18 18:53:32', '13.52', NULL, NULL, NULL, 'Pedido PE0224'),
(188, 'Compra', 'S', 1, '801', 'GALAXY', 'M', 1, '2018-07-18 18:53:32', '13.52', NULL, NULL, NULL, 'Pedido PE0224'),
(189, 'Compra', 'S', 1, '801E', 'VL105', 'M', 1, '2018-07-18 18:53:32', '15.12', NULL, NULL, NULL, 'Pedido PE0224'),
(190, 'Compra', 'S', 1, '801EP', 'VL069', 'EG', 1, '2018-07-18 18:53:32', '19.92', NULL, NULL, NULL, 'Pedido PE0224'),
(191, 'Compra', 'S', 1, '801EP', 'VL098', 'GG', 1, '2018-07-18 18:53:32', '19.92', NULL, NULL, NULL, 'Pedido PE0224'),
(192, 'Compra', 'S', 1, '801EP', 'VL099', 'G', 1, '2018-07-18 18:53:32', '19.92', NULL, NULL, NULL, 'Pedido PE0224'),
(193, 'Compra', 'S', 1, '801P', 'SCARLET', 'G', 1, '2018-07-18 18:53:32', '15.92', NULL, NULL, NULL, 'Pedido PE0224'),
(194, 'Compra', 'S', 1, '801P', 'MARINHO', 'EG', 1, '2018-07-18 18:53:32', '15.92', NULL, NULL, NULL, 'Pedido PE0224'),
(195, 'Compra', 'S', 1, '835', 'MAGIC', 'G', 1, '2018-07-18 18:53:32', '21.52', NULL, NULL, NULL, 'Pedido PE0224'),
(196, 'Compra', 'S', 1, '835', 'BISTRO', 'M', 1, '2018-07-18 18:53:32', '21.52', NULL, NULL, NULL, 'Pedido PE0224'),
(197, 'Compra', 'S', 1, '961E', 'VC670', 'G', 1, '2018-07-18 18:53:32', '29.52', NULL, NULL, NULL, 'Pedido PE0224'),
(198, 'Compra', 'S', 1, '961E', 'VC671', 'GG', 1, '2018-07-18 18:53:32', '29.52', NULL, NULL, NULL, 'Pedido PE0224'),
(199, 'Compra', 'S', 1, '961EP', 'VC670', 'EG', 1, '2018-07-18 18:53:32', '31.92', NULL, NULL, NULL, 'Pedido PE0224'),
(200, 'Compra', 'S', 1, '961EP', 'VC671', 'GG', 1, '2018-07-18 18:53:32', '31.92', NULL, NULL, NULL, 'Pedido PE0224'),
(201, 'Compra', 'S', 1, '260', 'GALAXY', 'M', 1, '2018-07-18 18:53:32', '29.52', NULL, NULL, NULL, 'Pedido PE0224'),
(202, 'Compra', 'S', 1, '260', 'MARROM', 'P', 1, '2018-07-18 18:53:32', '29.52', NULL, NULL, NULL, 'Pedido PE0224'),
(203, 'Compra', 'S', 1, '260', 'MARROM', 'M', 1, '2018-07-18 18:53:32', '29.52', NULL, NULL, NULL, 'Pedido PE0224'),
(204, 'Compra', 'S', 1, '260', 'MARROM', 'G', 1, '2018-07-18 18:53:32', '29.52', NULL, NULL, NULL, 'Pedido PE0224'),
(205, 'Compra', 'S', 1, '260', 'MARROM', 'GG', 1, '2018-07-18 18:53:32', '29.52', NULL, NULL, NULL, 'Pedido PE0224'),
(206, 'Compra', 'S', 1, '260', 'MAGIC', 'P', 1, '2018-07-18 18:53:32', '29.52', NULL, NULL, NULL, 'Pedido PE0224'),
(207, 'Compra', 'S', 1, '260', 'PRETO', 'P', 1, '2018-07-18 18:53:32', '29.52', NULL, NULL, NULL, 'Pedido PE0224'),
(208, 'Compra', 'S', 1, '260', 'PRETO', 'G', 2, '2018-07-18 18:53:32', '29.52', NULL, NULL, NULL, 'Pedido PE0224'),
(209, 'Compra', 'S', 1, '154', 'BISTRO', 'G', 1, '2018-07-18 18:53:32', '27.92', NULL, NULL, NULL, 'Pedido PE0224'),
(210, 'Compra', 'S', 1, '154', 'MARINHO', 'P', 1, '2018-07-18 18:53:32', '27.92', NULL, NULL, NULL, 'Pedido PE0224'),
(211, 'Compra', 'S', 1, '154', 'GALAXY', 'M', 1, '2018-07-18 18:53:32', '27.92', NULL, NULL, NULL, 'Pedido PE0224'),
(212, 'Compra', 'S', 1, '154', 'PRETO', 'P', 2, '2018-07-18 18:53:32', '27.92', NULL, NULL, NULL, 'Pedido PE0224'),
(213, 'Compra', 'S', 1, '154', 'PRETO', 'M', 1, '2018-07-18 18:53:32', '27.92', NULL, NULL, NULL, 'Pedido PE0224'),
(214, 'Compra', 'S', 1, '154', 'PRETO', 'GG', 1, '2018-07-18 18:53:32', '27.92', NULL, NULL, NULL, 'Pedido PE0224'),
(215, 'Compra', 'S', 1, '260P', 'MARROM', 'EG', 1, '2018-07-18 18:53:32', '34.32', NULL, NULL, NULL, 'Pedido PE0224'),
(216, 'Compra', 'S', 1, '154P', 'PRETO', 'EG', 1, '2018-07-18 18:53:32', '33.52', NULL, NULL, NULL, 'Pedido PE0224'),
(217, 'Compra', 'S', 1, '013', 'SCARLET', 'P', 1, '2018-07-18 18:53:32', '12.90', NULL, NULL, NULL, 'Pedido PE0224'),
(218, 'Compra', 'S', 1, '156', 'PINK', 'M', 1, '2018-07-18 18:53:32', '12.90', NULL, NULL, NULL, 'Pedido PE0224'),
(219, 'Compra', 'S', 1, '156', 'PINK', 'GG', 1, '2018-07-18 18:53:32', '12.90', NULL, NULL, NULL, 'Pedido PE0224'),
(220, 'Compra', 'S', 1, '813', 'BISTRO', 'M', 1, '2018-07-18 18:53:32', '12.90', NULL, NULL, NULL, 'Pedido PE0224'),
(221, 'Compra', 'S', 1, '516', 'MARINHO', 'P', 1, '2018-07-18 18:53:32', '19.67', NULL, NULL, NULL, 'Pedido PE0224'),
(222, 'Compra', 'S', 1, '516E', 'VL138', 'M', 1, '2018-07-18 18:53:32', '19.67', NULL, NULL, NULL, 'Pedido PE0224'),
(223, 'Compra', 'S', 1, '174', 'CARIOCA', 'M', 1, '2018-07-18 18:53:32', '12.90', NULL, NULL, NULL, 'Pedido PE0224'),
(224, 'Compra', 'S', 1, '174', 'ACTIVE', 'P', 1, '2018-07-18 18:53:32', '12.90', NULL, NULL, NULL, 'Pedido PE0224'),
(225, 'Compra', 'S', 1, '302', 'BISTRO', 'M', 1, '2018-07-18 18:53:32', '9.90', NULL, NULL, NULL, 'Pedido PE0224'),
(226, 'Compra', 'S', 1, '450E', 'VL089', 'M', 1, '2018-07-18 18:53:32', '29.90', NULL, NULL, NULL, 'Pedido PE0224'),
(227, 'Compra', 'S', 1, '347', 'GRAFITE', 'G', 1, '2018-07-18 18:53:32', '19.90', NULL, NULL, NULL, 'Pedido PE0224'),
(228, 'Compra', 'S', 1, '013', 'BRANCO', 'P', 1, '2018-07-18 18:53:32', '12.90', NULL, NULL, NULL, 'Pedido PE0224'),
(229, 'Compra', 'S', 1, '013', 'MARINHO', 'P', 1, '2018-07-18 18:53:32', '12.90', NULL, NULL, NULL, 'Pedido PE0224'),
(230, 'Compra', 'S', 1, '156', 'PARADISE', 'P', 1, '2018-07-18 18:53:32', '12.90', NULL, NULL, NULL, 'Pedido PE0224'),
(231, 'Compra', 'S', 1, '156', 'SCARLET', 'P', 1, '2018-07-18 18:53:32', '12.90', NULL, NULL, NULL, 'Pedido PE0224'),
(232, 'Compra', 'S', 1, '156', 'SCARLET', 'G', 1, '2018-07-18 18:53:32', '12.90', NULL, NULL, NULL, 'Pedido PE0224'),
(233, 'Compra', 'S', 1, '156', 'HOTPINK', 'P', 1, '2018-07-18 18:53:32', '12.90', NULL, NULL, NULL, 'Pedido PE0224'),
(234, 'Compra', 'S', 1, '156', 'HOTPINK', 'G', 1, '2018-07-18 18:53:32', '12.90', NULL, NULL, NULL, 'Pedido PE0224'),
(235, 'Compra', 'S', 1, '174', 'SUMMER', 'P', 2, '2018-07-18 18:53:32', '12.90', NULL, NULL, NULL, 'Pedido PE0224'),
(236, 'Compra', 'S', 1, '174', 'SUMMER', 'M', 1, '2018-07-18 18:53:32', '12.90', NULL, NULL, NULL, 'Pedido PE0224'),
(237, 'Compra', 'S', 1, '316E', 'VC627', 'M', 1, '2018-07-18 18:53:32', '19.90', NULL, NULL, NULL, 'Pedido PE0224'),
(238, 'Compra', 'S', 1, '347', 'LAGO', 'G', 1, '2018-07-18 18:53:32', '19.90', NULL, NULL, NULL, 'Pedido PE0224'),
(239, 'Compra', 'S', 1, '347', 'MAGIC', 'P', 1, '2018-07-18 18:53:32', '19.90', NULL, NULL, NULL, 'Pedido PE0224'),
(240, 'Compra', 'S', 1, '347', 'MARINHO', 'G', 1, '2018-07-18 18:53:32', '19.90', NULL, NULL, NULL, 'Pedido PE0224'),
(241, 'Compra', 'S', 1, '509', 'SCARLET', 'P', 1, '2018-07-18 18:53:32', '24.90', NULL, NULL, NULL, 'Pedido PE0224'),
(242, 'Compra', 'S', 1, '512', 'P&B', 'M', 1, '2018-07-18 18:53:32', '14.90', NULL, NULL, NULL, 'Pedido PE0224'),
(243, 'Compra', 'S', 1, '516', 'GRAFITE', 'M', 1, '2018-07-18 18:53:32', '19.67', NULL, NULL, NULL, 'Pedido PE0224'),
(244, 'Compra', 'S', 1, '908', 'MAGIC', 'P', 1, '2018-07-18 18:53:32', '19.90', NULL, NULL, NULL, 'Pedido PE0224'),
(245, 'Compra', 'S', 1, '314', 'PRETO', 'M', 1, '2018-07-18 18:53:32', '26.32', NULL, NULL, NULL, 'Pedido PE0224'),
(246, 'Compra', 'S', 1, '314', 'PRETO', 'G', 1, '2018-07-18 18:53:32', '26.32', NULL, NULL, NULL, 'Pedido PE0224'),
(247, 'Compra', 'S', 1, '314', 'PRETO', 'GG', 1, '2018-07-18 18:53:32', '26.32', NULL, NULL, NULL, 'Pedido PE0224'),
(248, 'Compra', 'S', 1, '317P', 'MARINHO', 'GG', 1, '2018-07-18 18:53:32', '35.92', NULL, NULL, NULL, 'Pedido PE0224'),
(249, 'Compra', 'S', 1, '473', 'GALAXY', 'G', 1, '2018-07-18 18:53:32', '25.52', NULL, NULL, NULL, 'Pedido PE0224'),
(250, 'Compra', 'S', 1, '473', 'PRETO', 'G', 1, '2018-07-18 18:53:32', '25.52', NULL, NULL, NULL, 'Pedido PE0224'),
(251, 'Compra', 'S', 1, '314', 'MARROM', 'M', 1, '2018-07-18 18:53:32', '26.32', NULL, NULL, NULL, 'Pedido PE0224'),
(252, 'Compra', 'S', 1, '314', 'MARROM', 'G', 1, '2018-07-18 18:53:32', '26.32', NULL, NULL, NULL, 'Pedido PE0224'),
(253, 'Compra', 'S', 1, '386', 'MAGIC', 'P', 1, '2018-07-18 18:53:32', '19.92', NULL, NULL, NULL, 'Pedido PE0224'),
(254, 'Compra', 'S', 1, '386', 'PRETO', 'G', 1, '2018-07-18 18:53:32', '19.92', NULL, NULL, NULL, 'Pedido PE0224'),
(255, 'Compra', 'S', 1, '386', 'GALAXY', 'M', 1, '2018-07-18 18:53:32', '19.92', NULL, NULL, NULL, 'Pedido PE0224'),
(256, 'Compra', 'S', 1, '808', 'BIC', 'GG', 1, '2018-07-18 18:53:32', '19.92', NULL, NULL, NULL, 'Pedido PE0224'),
(257, 'Compra', 'S', 1, '808', 'MARINHO', 'GG', 1, '2018-07-18 18:53:32', '19.92', NULL, NULL, NULL, 'Pedido PE0224'),
(258, 'Compra', 'S', 1, '015I', 'MAGIC', '4', 1, '2018-07-18 18:53:32', '9.52', NULL, NULL, NULL, 'Pedido PE0224'),
(259, 'Compra', 'S', 1, '130I', 'BRANCO', '10', 1, '2018-07-18 18:53:32', '8.72', NULL, NULL, NULL, 'Pedido PE0224'),
(260, 'Compra', 'S', 1, '108E', 'VL075', 'GG', 1, '2018-07-18 18:53:32', '15.92', NULL, NULL, NULL, 'Pedido PE0224'),
(261, 'Compra', 'S', 1, '108E', 'VL299', 'P', 1, '2018-07-18 18:53:32', '15.92', NULL, NULL, NULL, 'Pedido PE0224'),
(262, 'Compra', 'S', 1, '130P', 'PRETO', 'EG', 1, '2018-07-18 18:53:32', '13.52', NULL, NULL, NULL, 'Pedido PE0224'),
(263, 'Compra', 'S', 1, '108I', 'PRETO', '10', 1, '2018-07-18 18:53:32', '11.12', NULL, NULL, NULL, 'Pedido PE0224'),
(264, 'Compra', 'S', 1, '108I', 'PRETO', '12', 1, '2018-07-18 18:53:32', '11.12', NULL, NULL, NULL, 'Pedido PE0224'),
(265, 'Compra', 'S', 1, '130', 'GALAXY', 'G', 1, '2018-07-18 18:53:32', '11.92', NULL, NULL, NULL, 'Pedido PE0224'),
(266, 'Compra', 'S', 1, '108E', 'VL148', 'G', 1, '2018-07-18 18:53:32', '15.92', NULL, NULL, NULL, 'Pedido PE0224'),
(267, 'Compra', 'S', 1, '108', 'ROSEA', 'P', 1, '2018-07-18 18:53:32', '14.32', NULL, NULL, NULL, 'Pedido PE0224'),
(268, 'Compra', 'S', 1, '154I', 'PRETO', '12', 1, '2018-07-18 18:53:32', '15.92', NULL, NULL, NULL, 'Pedido PE0224'),
(269, 'Compra', 'S', 1, '108I', 'GALAXY', '6', 1, '2018-07-18 18:53:32', '11.12', NULL, NULL, NULL, 'Pedido PE0224'),
(270, 'Compra', 'S', 1, '154I', 'MARROM', '4', 1, '2018-07-18 18:53:32', '15.92', NULL, NULL, NULL, 'Pedido PE0224'),
(271, 'Compra', 'S', 1, '154I', 'MARROM', '8', 1, '2018-07-18 18:53:32', '15.92', NULL, NULL, NULL, 'Pedido PE0224'),
(272, 'Compra', 'S', 1, '108', 'BRANCO', 'M', 1, '2018-07-18 18:53:32', '14.32', NULL, NULL, NULL, 'Pedido PE0224'),
(273, 'Compra', 'S', 1, '260', 'PRETO', 'P', 2, '2018-07-18 18:53:32', '29.52', NULL, NULL, NULL, 'Pedido PE0224'),
(274, 'Compra', 'S', 1, '260', 'PRETO', 'G', 2, '2018-07-18 18:53:32', '29.52', NULL, NULL, NULL, 'Pedido PE0224'),
(275, 'Compra', 'S', 1, '260', 'PRETO', 'GG', 2, '2018-07-18 18:53:32', '29.52', NULL, NULL, NULL, 'Pedido PE0224'),
(276, 'Compra', 'S', 1, '392P', 'PRETO', 'GG', 1, '2018-07-18 18:53:32', '37.52', NULL, NULL, NULL, 'Pedido PE0224'),
(277, 'Compra', 'S', 1, '389', 'PRETO', 'G', 1, '2018-07-18 18:53:32', '31.92', NULL, NULL, NULL, 'Pedido PE0224'),
(278, 'Compra', 'S', 1, '454', 'PRETO', 'P', 2, '2018-07-18 18:53:32', '27.12', NULL, NULL, NULL, 'Pedido PE0224'),
(279, 'Compra', 'S', 1, '454', 'PRETO', 'M', 1, '2018-07-18 18:53:32', '27.12', NULL, NULL, NULL, 'Pedido PE0224'),
(280, 'Compra', 'S', 1, '454', 'PRETO', 'G', 2, '2018-07-18 18:53:32', '27.12', NULL, NULL, NULL, 'Pedido PE0224'),
(281, 'Compra', 'S', 1, '226', 'MARROM', 'M', 1, '2018-07-18 18:53:32', '37.52', NULL, NULL, NULL, 'Pedido PE0224'),
(282, 'Compra', 'S', 1, '500', 'PRETO', 'P', 1, '2018-07-18 18:53:32', '23.12', NULL, NULL, NULL, 'Pedido PE0224'),
(283, 'Compra', 'S', 1, '500', 'ROYAL', 'G', 1, '2018-07-18 18:53:32', '23.12', NULL, NULL, NULL, 'Pedido PE0224'),
(284, 'Compra', 'S', 1, '500', 'BRANCO', 'M', 1, '2018-07-18 18:53:32', '23.12', NULL, NULL, NULL, 'Pedido PE0224'),
(285, 'Compra', 'S', 1, '500P', 'VERMELHO', 'GG', 1, '2018-07-18 18:53:32', '27.12', NULL, NULL, NULL, 'Pedido PE0224'),
(286, 'Compra', 'S', 1, '500P', 'PRETO', 'EG', 1, '2018-07-18 18:53:32', '27.12', NULL, NULL, NULL, 'Pedido PE0224'),
(287, 'Compra', 'S', 1, '2000', 'PRETO', 'G', 1, '2018-07-18 18:53:32', '14.32', NULL, NULL, NULL, 'Pedido PE0224'),
(288, 'Compra', 'S', 1, '2000', 'MARINHO', 'P', 1, '2018-07-18 18:53:32', '14.32', NULL, NULL, NULL, 'Pedido PE0224'),
(289, 'Compra', 'S', 1, '2000', 'BRANCO', 'M', 1, '2018-07-18 18:53:32', '14.32', NULL, NULL, NULL, 'Pedido PE0224'),
(290, 'Compra', 'S', 1, '2000P', 'SCARLET', 'EG', 1, '2018-07-18 18:53:32', '16.72', NULL, NULL, NULL, 'Pedido PE0224'),
(291, 'Compra', 'S', 1, '2000P', 'PRETO', 'GG', 1, '2018-07-18 18:53:32', '16.72', NULL, NULL, NULL, 'Pedido PE0224'),
(292, 'Compra', 'S', 1, '015I', 'PRETO', '10', 1, '2018-07-18 18:53:32', '9.52', NULL, NULL, NULL, 'Pedido PE0224'),
(293, 'Compra', 'S', 1, '015I', 'BRANCO', '8', 1, '2018-07-18 18:53:32', '9.52', NULL, NULL, NULL, 'Pedido PE0224'),
(294, 'Compra', 'S', 1, '015I', 'BISTRO', '12', 1, '2018-07-18 18:53:32', '9.52', NULL, NULL, NULL, 'Pedido PE0224'),
(295, 'Compra', 'S', 1, '015I', 'MARINHO', '6', 1, '2018-07-18 18:53:32', '9.52', NULL, NULL, NULL, 'Pedido PE0224'),
(296, 'Compra', 'S', 1, '108I', 'BRANCO', '8', 1, '2018-07-18 18:53:32', '11.12', NULL, NULL, NULL, 'Pedido PE0224'),
(297, 'Compra', 'S', 1, '108I', 'ROSEA', '4', 1, '2018-07-18 18:53:32', '11.12', NULL, NULL, NULL, 'Pedido PE0224'),
(298, 'Compra', 'S', 1, '108EI', 'VL075', '6', 1, '2018-07-18 18:53:32', '11.92', NULL, NULL, NULL, 'Pedido PE0224'),
(299, 'Compra', 'S', 1, '108EI', 'VL075', '12', 1, '2018-07-18 18:53:32', '11.92', NULL, NULL, NULL, 'Pedido PE0224'),
(300, 'Compra', 'S', 1, '108EI', 'VL070', '8', 1, '2018-07-18 18:53:32', '11.92', NULL, NULL, NULL, 'Pedido PE0224'),
(301, 'Compra', 'S', 1, '108EI', 'VL072', '10', 1, '2018-07-18 18:53:32', '11.92', NULL, NULL, NULL, 'Pedido PE0224'),
(302, 'Compra', 'S', 1, '130I', 'MARINHO', '4', 1, '2018-07-18 18:53:32', '8.72', NULL, NULL, NULL, 'Pedido PE0224'),
(303, 'Compra', 'S', 1, '130I', 'BIC', '6', 1, '2018-07-18 18:53:32', '8.72', NULL, NULL, NULL, 'Pedido PE0224'),
(304, 'Compra', 'S', 1, '130I', 'PRETO', '8', 1, '2018-07-18 18:53:32', '8.72', NULL, NULL, NULL, 'Pedido PE0224'),
(305, 'Compra', 'S', 1, '130I', 'MAGIC', '6', 1, '2018-07-18 18:53:32', '8.72', NULL, NULL, NULL, 'Pedido PE0224'),
(306, 'Compra', 'S', 1, '154I', 'GALAXY', '10', 1, '2018-07-18 18:53:32', '15.92', NULL, NULL, NULL, 'Pedido PE0224'),
(307, 'Compra', 'S', 1, '151I', 'PRETO', '4', 1, '2018-07-18 18:53:32', '9.52', NULL, NULL, NULL, 'Pedido PE0224'),
(308, 'Compra', 'S', 1, '151I', 'PRETO', '6', 1, '2018-07-18 18:53:32', '9.52', NULL, NULL, NULL, 'Pedido PE0224'),
(309, 'Compra', 'S', 1, '151I', 'PRETO', '8', 1, '2018-07-18 18:53:32', '9.52', NULL, NULL, NULL, 'Pedido PE0224'),
(310, 'Compra', 'S', 1, '151I', 'PRETO', '10', 1, '2018-07-18 18:53:32', '9.52', NULL, NULL, NULL, 'Pedido PE0224'),
(311, 'Compra', 'S', 1, '151I', 'PRETO', '12', 1, '2018-07-18 18:53:32', '9.52', NULL, NULL, NULL, 'Pedido PE0224'),
(312, 'Compra', 'S', 1, '130', 'BRANCO', 'P', 1, '2018-07-18 18:53:32', '11.92', NULL, NULL, NULL, 'Pedido PE0224'),
(313, 'Compra', 'S', 1, '130', 'BRANCO', 'G', 1, '2018-07-18 18:53:32', '11.92', NULL, NULL, NULL, 'Pedido PE0224'),
(314, 'Compra', 'S', 1, '130', 'MARROM', 'M', 1, '2018-07-18 18:53:32', '11.92', NULL, NULL, NULL, 'Pedido PE0224'),
(315, 'Compra', 'S', 1, '130', 'PRETO', 'P', 1, '2018-07-18 18:53:32', '11.92', NULL, NULL, NULL, 'Pedido PE0224'),
(316, 'Compra', 'S', 1, '130P', 'MARINHO', 'GG', 1, '2018-07-18 18:53:32', '13.52', NULL, NULL, NULL, 'Pedido PE0224'),
(317, 'Compra', 'S', 1, '108E', 'VL085', 'M', 1, '2018-07-18 18:53:32', '15.92', NULL, NULL, NULL, 'Pedido PE0224'),
(318, 'Compra', 'S', 1, '226', 'MARINHO', 'G', 1, '2018-07-18 18:53:32', '37.52', NULL, NULL, NULL, 'Pedido PE0224'),
(319, 'Compra', 'S', 1, '108E', 'VL073', 'G', 1, '2018-07-18 18:53:32', '15.92', NULL, NULL, NULL, 'Pedido PE0224'),
(320, 'Compra', 'S', 1, '108E', 'VL301', 'P', 1, '2018-07-18 18:53:32', '15.92', NULL, NULL, NULL, 'Pedido PE0224'),
(321, 'Compra', 'S', 1, '530P', 'MARINHO', 'EG', 1, '2018-07-18 18:53:32', '31.92', NULL, NULL, NULL, 'Pedido PE0224'),
(322, 'Compra', 'S', 1, '108E', 'VL148', 'G', 1, '2018-07-18 18:53:32', '15.92', NULL, NULL, NULL, 'Pedido PE0224'),
(323, 'Compra', 'S', 1, '243', 'MAGIC', 'G', 1, '2018-07-18 18:53:32', '35.12', NULL, NULL, NULL, 'Pedido PE0224'),
(324, 'Compra', 'S', 1, '108E', 'VL144', 'M', 1, '2018-07-18 18:53:32', '15.92', NULL, NULL, NULL, 'Pedido PE0224'),
(325, 'Compra', 'S', 1, '108E', 'VL144', 'G', 1, '2018-07-18 18:53:32', '15.92', NULL, NULL, NULL, 'Pedido PE0224'),
(326, 'Compra', 'S', 1, '108E', 'VL055', 'G', 1, '2018-07-18 18:53:32', '15.92', NULL, NULL, NULL, 'Pedido PE0224'),
(327, 'Compra', 'S', 1, '108E', 'VL049', 'G', 1, '2018-07-18 18:53:32', '15.92', NULL, NULL, NULL, 'Pedido PE0224'),
(328, 'Compra', 'S', 1, '108E', 'VL049', 'GG', 1, '2018-07-18 18:53:32', '15.92', NULL, NULL, NULL, 'Pedido PE0224'),
(329, 'Compra', 'S', 1, '108E', 'VL150', 'G', 1, '2018-07-18 18:53:32', '15.92', NULL, NULL, NULL, 'Pedido PE0224'),
(330, 'Compra', 'S', 1, '108E', 'VL087', 'G', 1, '2018-07-18 18:53:32', '15.92', NULL, NULL, NULL, 'Pedido PE0224'),
(331, 'Compra', 'S', 1, '108E', 'VL151', 'GG', 1, '2018-07-18 18:53:32', '15.92', NULL, NULL, NULL, 'Pedido PE0224'),
(332, 'Compra', 'S', 1, '108E', 'VL158', 'G', 1, '2018-07-18 18:53:32', '15.92', NULL, NULL, NULL, 'Pedido PE0224'),
(333, 'Compra', 'S', 1, '015P', 'SNOWWHITE', 'GG', 1, '2018-07-18 18:53:32', '15.92', NULL, NULL, NULL, 'Pedido PE0224'),
(334, 'Compra', 'S', 1, '015P', 'SNOWWHITE', 'EG', 1, '2018-07-18 18:53:32', '15.92', NULL, NULL, NULL, 'Pedido PE0224'),
(335, 'Compra', 'S', 1, '108', 'GRAFITE', 'G', 1, '2018-07-18 18:53:32', '14.32', NULL, NULL, NULL, 'Pedido PE0224'),
(336, 'Compra', 'S', 1, '108', 'PRETO', 'G', 1, '2018-07-18 18:53:32', '14.32', NULL, NULL, NULL, 'Pedido PE0224'),
(337, 'Compra', 'S', 1, '108', 'PRETO', 'GG', 1, '2018-07-18 18:53:32', '14.32', NULL, NULL, NULL, 'Pedido PE0224'),
(338, 'Compra', 'S', 1, '015', 'SNOWWHITE', 'G', 1, '2018-07-18 18:53:32', '13.52', NULL, NULL, NULL, 'Pedido PE0224'),
(339, 'Compra', 'S', 1, '015', 'PRETO', 'G', 1, '2018-07-18 18:53:32', '13.52', NULL, NULL, NULL, 'Pedido PE0224'),
(340, 'Compra', 'S', 1, '015', 'SCARLET', 'G', 1, '2018-07-18 18:53:32', '13.52', NULL, NULL, NULL, 'Pedido PE0224'),
(341, 'Compra', 'S', 1, '010P', 'ROSEA', 'G', 1, '2018-07-18 18:53:32', '17.52', NULL, NULL, NULL, 'Pedido PE0224'),
(342, 'Compra', 'S', 1, '010P', 'LAGO', 'GG', 1, '2018-07-18 18:53:32', '17.52', NULL, NULL, NULL, 'Pedido PE0224'),
(343, 'Compra', 'S', 1, '015P', 'ACTIVE', 'GG', 1, '2018-07-18 18:53:32', '15.92', NULL, NULL, NULL, 'Pedido PE0224'),
(344, 'Compra', 'S', 1, '015P', 'ACTIVE', 'EG', 1, '2018-07-18 18:53:32', '15.92', NULL, NULL, NULL, 'Pedido PE0224'),
(345, 'Compra', 'S', 1, '015P', 'BIC', 'GG', 1, '2018-07-18 18:53:32', '15.92', NULL, NULL, NULL, 'Pedido PE0224'),
(346, 'Compra', 'S', 1, '015P', 'LAGO', 'GG', 1, '2018-07-18 18:53:32', '15.92', NULL, NULL, NULL, 'Pedido PE0224'),
(347, 'Compra', 'S', 1, '015P', 'PRETO', 'GG', 1, '2018-07-18 18:53:32', '15.92', NULL, NULL, NULL, 'Pedido PE0224'),
(348, 'Compra', 'S', 1, '520', 'MAGIC', 'M', 1, '2018-07-18 18:53:32', '26.32', NULL, NULL, NULL, 'Pedido PE0224'),
(349, 'Compra', 'S', 1, '818', 'PRETO/BIC', 'M', 1, '2018-07-18 18:53:32', '26.32', NULL, NULL, NULL, 'Pedido PE0224'),
(350, 'Compra', 'S', 1, '002E', 'VL095', 'GG', 1, '2018-07-18 18:53:32', '10.32', NULL, NULL, NULL, 'Pedido PE0224'),
(351, 'Compra', 'S', 1, '164', 'PRETO', 'P', 1, '2018-07-18 18:53:32', '26.32', NULL, NULL, NULL, 'Pedido PE0224'),
(352, 'Compra', 'S', 1, '165', 'BISTRO', 'M', 1, '2018-07-18 18:53:32', '26.32', NULL, NULL, NULL, 'Pedido PE0224'),
(353, 'Compra', 'S', 1, '165', 'PRETO', 'P', 1, '2018-07-18 18:53:32', '26.32', NULL, NULL, NULL, 'Pedido PE0224'),
(354, 'Compra', 'S', 1, '165E', 'VL040', 'M', 1, '2018-07-18 18:53:32', '27.92', NULL, NULL, NULL, 'Pedido PE0224'),
(355, 'Compra', 'S', 1, '165E', 'VL020', 'P', 1, '2018-07-18 18:53:32', '27.92', NULL, NULL, NULL, 'Pedido PE0224'),
(356, 'Compra', 'S', 1, '168E', 'VL018', 'P', 1, '2018-07-18 18:53:32', '31.92', NULL, NULL, NULL, 'Pedido PE0224'),
(357, 'Compra', 'S', 1, '248', 'SCARLET', 'P', 1, '2018-07-18 18:53:32', '24.90', NULL, NULL, NULL, 'Pedido PE0224'),
(358, 'Compra', 'S', 1, '514E', 'VC627', 'M', 1, '2018-07-18 18:53:32', '39.92', NULL, NULL, NULL, 'Pedido PE0224'),
(359, 'Compra', 'S', 1, '520', 'BISTRO', 'P', 1, '2018-07-18 18:53:32', '26.32', NULL, NULL, NULL, 'Pedido PE0224'),
(360, 'Compra', 'S', 1, '520', 'SCARLET', 'G', 1, '2018-07-18 18:53:32', '26.32', NULL, NULL, NULL, 'Pedido PE0224'),
(361, 'Compra', 'S', 1, '520', 'PRETO', 'G', 1, '2018-07-18 18:53:32', '26.32', NULL, NULL, NULL, 'Pedido PE0224'),
(362, 'Compra', 'S', 1, '528P', 'MARINHO', 'GG', 1, '2018-07-18 18:53:32', '26.32', NULL, NULL, NULL, 'Pedido PE0224'),
(363, 'Compra', 'S', 1, '250E', 'VL015', 'M', 1, '2018-07-18 18:53:32', '39.68', NULL, NULL, NULL, 'Pedido PE0224'),
(364, 'Compra', 'S', 1, '888P', 'PRETO/MAGIC', 'EG', 1, '2018-07-18 18:53:32', '34.32', NULL, NULL, NULL, 'Pedido PE0224'),
(365, 'Compra', 'S', 1, '130I', 'PRETO', '10', 1, '2018-07-18 18:53:32', '8.72', NULL, NULL, NULL, 'Pedido PE0224'),
(366, 'Compra', 'S', 1, '130I', 'PRETO', '12', 1, '2018-07-18 18:53:32', '8.72', NULL, NULL, NULL, 'Pedido PE0224'),
(367, 'Compra', 'S', 1, '355P', 'MARINHO', 'EG', 1, '2018-07-18 18:53:32', '41.90', NULL, NULL, NULL, 'Pedido PE0224'),
(368, 'Compra', 'S', 1, '354', 'PRETO', 'M', 1, '2018-07-18 18:53:32', '37.90', NULL, NULL, NULL, 'Pedido PE0224'),
(369, 'Compra', 'S', 1, '354', 'PRETO', 'G', 1, '2018-07-18 18:53:32', '37.90', NULL, NULL, NULL, 'Pedido PE0224'),
(370, 'Compra', 'S', 1, '500', 'ROYAL', 'G', 1, '2018-07-18 18:53:32', '28.90', NULL, NULL, NULL, 'Pedido PE0224'),
(371, 'Compra', 'S', 1, '503', 'MARINHO', 'G', 1, '2018-07-18 18:53:32', '21.90', NULL, NULL, NULL, 'Pedido PE0224'),
(372, 'Compra', 'S', 1, '503', 'MAGIC', 'M', 1, '2018-07-18 18:53:32', '21.90', NULL, NULL, NULL, 'Pedido PE0224'),
(373, 'Compra', 'S', 1, '503', 'PRETO', 'P', 1, '2018-07-18 18:53:32', '21.90', NULL, NULL, NULL, 'Pedido PE0224'),
(374, 'Compra', 'S', 1, '355P', 'MARROM', 'EG', 1, '2018-07-18 18:53:32', '41.90', NULL, NULL, NULL, 'Pedido PE0224'),
(375, 'Compra', 'S', 1, '460', 'PRETO', 'G', 1, '2018-07-18 18:53:32', '24.90', NULL, NULL, NULL, 'Pedido PE0224'),
(376, 'Compra', 'S', 1, '460', 'PRETO', 'GG', 1, '2018-07-18 18:53:32', '24.90', NULL, NULL, NULL, 'Pedido PE0224'),
(377, 'Compra', 'S', 1, '503', 'SCARLET', 'M', 1, '2018-07-18 18:53:32', '21.90', NULL, NULL, NULL, 'Pedido PE0224'),
(378, 'Compra', 'S', 1, '503', 'BISTRO', 'M', 1, '2018-07-18 18:53:32', '21.90', NULL, NULL, NULL, 'Pedido PE0224'),
(379, 'Compra', 'S', 1, '801', 'MARINHO', 'M', 1, '2018-07-18 18:53:32', '16.90', NULL, NULL, NULL, 'Pedido PE0224'),
(380, 'Compra', 'S', 1, '354', 'PRETO', 'G', 1, '2018-07-18 18:53:32', '37.90', NULL, NULL, NULL, 'Pedido PE0224'),
(381, 'Compra', 'S', 1, '912', 'ROYAL', 'G', 1, '2018-07-18 18:53:32', '17.90', NULL, NULL, NULL, 'Pedido PE0224'),
(382, 'Compra', 'S', 1, '912', 'BRANCO', 'P', 1, '2018-07-18 18:53:32', '17.90', NULL, NULL, NULL, 'Pedido PE0224'),
(383, 'Compra', 'S', 1, '912', 'BRANCO', 'M', 1, '2018-07-18 18:53:32', '17.90', NULL, NULL, NULL, 'Pedido PE0224'),
(384, 'Compra', 'S', 1, '912', 'PRETO', 'G', 1, '2018-07-18 18:53:32', '17.90', NULL, NULL, NULL, 'Pedido PE0224'),
(385, 'Compra', 'S', 1, '912', 'PRETO', 'GG', 1, '2018-07-18 18:53:32', '17.90', NULL, NULL, NULL, 'Pedido PE0224'),
(386, 'Compra', 'S', 1, '912', 'MAGIC', 'M', 1, '2018-07-18 18:53:32', '17.90', NULL, NULL, NULL, 'Pedido PE0224'),
(387, 'Compra', 'S', 1, '317', 'PRETO', 'P', 1, '2018-07-18 18:53:32', '39.90', NULL, NULL, NULL, 'Pedido PE0224'),
(388, 'Compra', 'S', 1, '317', 'PRETO', 'M', 1, '2018-07-18 18:53:32', '39.90', NULL, NULL, NULL, 'Pedido PE0224'),
(389, 'Compra', 'S', 1, '460', 'PRETO', 'GG', 1, '2018-07-18 18:53:32', '24.90', NULL, NULL, NULL, 'Pedido PE0224'),
(390, 'Compra', 'S', 1, '355', 'PRETO', 'M', 1, '2018-07-18 18:53:32', '37.90', NULL, NULL, NULL, 'Pedido PE0224'),
(391, 'Compra', 'S', 1, '354', 'GALAXY', 'G', 1, '2018-07-18 18:53:32', '37.90', NULL, NULL, NULL, 'Pedido PE0224'),
(392, 'Compra', 'S', 1, '355P', 'GALAXY', 'EG', 1, '2018-07-18 18:53:32', '41.90', NULL, NULL, NULL, 'Pedido PE0224'),
(393, 'Compra', 'S', 1, '354', 'MARINHO', 'G', 1, '2018-07-18 18:53:37', '37.90', NULL, NULL, NULL, 'Pedido PE0240'),
(394, 'Compra', 'S', 1, '209', 'PRETO', 'M', 1, '2018-07-18 18:53:37', '21.90', NULL, NULL, NULL, 'Pedido PE0240'),
(395, 'Compra', 'S', 1, '460', 'GALAXY', 'P', 1, '2018-07-18 18:53:37', '24.90', NULL, NULL, NULL, 'Pedido PE0240'),
(396, 'Compra', 'S', 1, '387', 'PRETO', 'G', 1, '2018-07-18 18:53:37', '34.90', NULL, NULL, NULL, 'Pedido PE0240'),
(397, 'Compra', 'S', 1, '354P', 'PRETO', 'EG', 2, '2018-07-18 18:53:40', '41.90', NULL, NULL, NULL, 'Pedido PE0244'),
(398, 'Compra', 'S', 1, '108E', 'VL085', 'GG', 1, '2018-07-18 18:53:41', '19.90', NULL, NULL, NULL, 'Pedido PE0245'),
(399, 'Compra', 'S', 1, '108E', 'VL295', 'GG', 1, '2018-07-18 18:53:41', '19.90', NULL, NULL, NULL, 'Pedido PE0245'),
(400, 'Compra', 'S', 1, '386P', 'GALAXY', 'EG', 1, '2018-07-18 18:53:41', '28.90', NULL, NULL, NULL, 'Pedido PE0245'),
(401, 'Compra', 'S', 1, '108E', 'VL087', 'GG', 1, '2018-07-18 18:53:41', '19.90', NULL, NULL, NULL, 'Pedido PE0245'),
(402, 'Compra', 'S', 1, '108E', 'VL094', 'GG', 1, '2018-07-18 18:53:41', '19.90', NULL, NULL, NULL, 'Pedido PE0245'),
(403, 'Compra', 'S', 1, '108E', 'VL299', 'GG', 1, '2018-07-18 18:53:41', '19.90', NULL, NULL, NULL, 'Pedido PE0245'),
(404, 'Compra', 'S', 1, '108', 'BISTRO', 'GG', 1, '2018-07-18 18:53:41', '17.90', NULL, NULL, NULL, 'Pedido PE0245'),
(405, 'Compra', 'S', 1, '530', 'MARINHO', 'M', 1, '2018-07-18 18:53:43', '34.90', NULL, NULL, NULL, 'Pedido PE0246'),
(406, 'Compra', 'S', 1, '355', 'MARROM', 'M', 1, '2018-07-18 18:53:43', '37.90', NULL, NULL, NULL, 'Pedido PE0246'),
(407, 'Compra', 'S', 1, '386E', 'VL049', 'P', 2, '2018-07-18 18:53:45', '32.90', NULL, NULL, NULL, 'Pedido PE0247'),
(408, 'Compra', 'S', 1, '500', 'BRANCO', 'G', 1, '2018-07-18 18:53:45', '28.90', NULL, NULL, NULL, 'Pedido PE0247'),
(409, 'Compra', 'S', 1, '386E', 'VL075', 'M', 1, '2018-07-18 18:53:45', '32.90', NULL, NULL, NULL, 'Pedido PE0247'),
(410, 'Compra', 'S', 1, '388', 'PRETO', 'GG', 1, '2018-07-18 18:53:47', '26.90', NULL, NULL, NULL, 'Pedido PE0253'),
(411, 'Compra', 'S', 1, '388P', 'PRETO', 'EG', 1, '2018-07-18 18:53:47', '29.90', NULL, NULL, NULL, 'Pedido PE0253'),
(412, 'Compra', 'S', 1, '500P', 'BRANCO', 'GG', 1, '2018-07-18 18:53:47', '33.90', NULL, NULL, NULL, 'Pedido PE0253'),
(413, 'Compra', 'S', 1, '912', 'ROYAL', 'GG', 1, '2018-07-18 18:53:50', '17.90', NULL, NULL, NULL, 'Pedido PE0254'),
(414, 'Compra', 'S', 1, '835', 'SCARLET', 'GG', 1, '2018-07-18 19:34:14', '26.90', NULL, NULL, NULL, 'Pedido PE0256'),
(415, 'Compra', 'S', 1, '503', 'PRETO', 'GG', 1, '2018-07-20 15:00:33', '21.90', NULL, NULL, NULL, 'Pedido PE0257'),
(416, 'Compra', 'S', 1, '504', 'PRETO', 'GG', 1, '2018-07-20 15:00:33', '14.90', NULL, NULL, NULL, 'Pedido PE0257'),
(417, 'Compra', 'S', 2, 'SP00001', '', '', 2, '2018-07-23 10:56:50', '20.00', NULL, NULL, NULL, NULL),
(418, 'Compra', 'S', 2, 'SP00002', '', '', 1, '2018-07-23 11:01:55', '50.00', NULL, NULL, NULL, NULL),
(419, 'Compra', 'S', 2, 'SP00003', '', '', 2, '2018-07-23 12:01:27', '22.00', NULL, NULL, NULL, NULL),
(420, 'Compra', 'S', 2, 'SP00004', '', '', 2, '2018-07-23 12:02:02', '25.00', NULL, NULL, NULL, NULL),
(421, 'Compra', 'S', 2, 'SP00005', '', '', 2, '2018-07-23 12:02:44', '25.00', NULL, NULL, NULL, NULL),
(422, 'Compra', 'S', 2, 'SP00006', '', '', 1, '2018-07-23 13:30:48', '40.00', NULL, NULL, NULL, NULL),
(423, 'Compra', 'S', 2, 'SP00007', '', '', 3, '2018-07-23 13:31:38', '30.00', NULL, NULL, NULL, NULL),
(424, 'Compra', 'S', 2, 'SP00008', '', '', 2, '2018-07-23 13:32:43', '35.00', NULL, NULL, NULL, NULL),
(425, 'Compra', 'S', 2, 'SP00009', '', '', 1, '2018-07-23 13:34:43', '35.00', NULL, NULL, NULL, NULL),
(426, 'Compra', 'S', 2, 'SP00010', '', '', 3, '2018-07-23 13:35:09', '10.00', NULL, NULL, NULL, NULL),
(427, 'Compra', 'S', 2, 'SP00011', '', '', 2, '2018-07-23 13:35:39', '15.00', NULL, NULL, NULL, NULL),
(428, 'Compra', 'S', 2, 'SP00012', '', '', 5, '2018-07-23 13:37:46', '5.00', NULL, NULL, NULL, NULL),
(429, 'Compra', 'S', 2, 'SP00013', '', '', 3, '2018-07-23 13:38:11', '20.00', NULL, NULL, NULL, NULL),
(430, 'Compra', 'S', 2, 'SP00014', '', '', 1, '2018-07-23 13:38:39', '40.00', NULL, NULL, NULL, NULL),
(431, 'Compra', 'S', 2, 'SP00015', '', '', 3, '2018-07-23 13:39:03', '35.00', NULL, NULL, NULL, NULL),
(432, 'Compra', 'S', 2, 'SP00016', '', '', 10, '2018-07-23 13:39:35', '5.00', NULL, NULL, NULL, NULL),
(433, 'Compra', 'S', 2, 'SP00017', '', '', 4, '2018-07-23 13:40:47', '85.00', NULL, NULL, NULL, NULL),
(434, 'Compra', 'S', 2, 'SP00018', '', '', 4, '2018-07-23 13:41:11', '80.00', NULL, NULL, NULL, NULL);

-- --------------------------------------------------------

--
-- Table structure for table `produtos`
--

CREATE TABLE `produtos` (
  `ref` varchar(10) CHARACTER SET utf8 NOT NULL,
  `descricao` varchar(50) CHARACTER SET utf8 NOT NULL,
  `tamanhos` varchar(64) CHARACTER SET utf8 DEFAULT NULL,
  `preco` decimal(5,2) DEFAULT NULL,
  `preco_ant` decimal(5,2) DEFAULT NULL,
  `secao` varchar(256) CHARACTER SET utf8 DEFAULT NULL,
  `Tags` varchar(2056) CHARACTER SET utf8 DEFAULT NULL,
  `grupo` varchar(256) CHARACTER SET utf8 DEFAULT NULL,
  `NCM` varchar(12) CHARACTER SET utf8 DEFAULT NULL,
  `id_forn` int(11) DEFAULT NULL
) ENGINE=MyISAM DEFAULT CHARSET=utf8 COLLATE=utf8_unicode_ci;

--
-- Dumping data for table `produtos`
--

INSERT INTO `produtos` (`ref`, `descricao`, `tamanhos`, `preco`, `preco_ant`, `secao`, `Tags`, `grupo`, `NCM`, `id_forn`) VALUES
('154', 'Cala Legging Suplex', '/P/M/G/GG/', '34.90', NULL, 'Feminino', 'Grupo:CalcaBermuda;Grupo:Fitness', 'CalcaBermuda', '61046900', 1),
('502E', 'Vestido Prega Bolso Est', '/P/M/G/GG/', '34.90', NULL, 'Feminino', 'Grupo:Vestidos', 'Vestidos', '61044900', 1),
('083E', 'Vestido Lg Baby Look Est', '/P/M/G/', '46.90', NULL, 'Feminino', 'Grupo:Vestidos;Novidade', 'Vestidos', '61044900', 1),
('815EP', 'Vestido Gabi Est Plus', '/G/GG/EG/', '46.90', NULL, 'Feminino', 'Grupo:Vestidos;Grupo:Plus', 'Vestidos', '61044900', 1),
('714E', 'Vestido Decote Est', '/P/M/G/GG/', '32.90', NULL, 'Feminino', 'Grupo:Vestidos', 'Vestidos', '61044900', 1),
('263', 'Cala De Montaria R', '/P/M/G/GG/', '44.90', NULL, 'Feminino', 'Grupo:CalcaBermuda', 'CalcaBermuda', '61046900', 1),
('824', 'Body Costa Aberta', '/P/M/G/', '26.90', NULL, 'Feminino', 'Grupo:Blusas', 'Blusas', '61069000', 1),
('015E', 'Baby Look Gola V Est', '/P/M/G/', '18.90', NULL, 'Feminino', 'Grupo:Blusas', 'Blusas', '61069000', 1),
('001E', 'Camiseta Alcinha Est', '/P/M/G/', '11.90', NULL, 'Feminino', 'Grupo:Camisetas', 'Camisetas', '61099000', 1),
('207P', 'Blusa Decote Tiras Plus', '/G/GG/EG/', '29.90', NULL, 'Feminino', 'Grupo:Blusas;Grupo:Plus', 'Blusas', '61069000', 1),
('717EP', 'Vestido Tubinho Est Plus', '/G/GG/EG/', '39.90', NULL, 'Feminino', 'Grupo:Vestidos;Grupo:Plus', 'Vestidos', '61044900', 1),
('211P', 'Blusa Visc Flvia Plus', '/G/GG/EG/', '33.90', NULL, 'Feminino', 'Grupo:Blusas;Grupo:Plus;Novidade', 'Blusas', '61069000', 1),
('801', 'Blusa Larga', '/P/M/', '16.90', NULL, 'Feminino', 'Grupo:Blusas', 'Blusas', '61069000', 1),
('209', 'Blusa Renata', '/P/M/G/', '21.90', NULL, 'Feminino', 'Grupo:Blusas;Novidade', 'Blusas', '61069000', 1),
('528P', 'Vestido Dbora Plus', '/G/GG/EG/', '32.90', NULL, 'Feminino', 'Grupo:Vestidos;Grupo:Plus;Novidade', 'Vestidos', '61044900', 1),
('527EP', 'Vestido Manga Fla Est Plus', '/GG/EG/', '42.90', NULL, 'Feminino', 'Grupo:Vestidos;Grupo:Plus;Novidade', 'Vestidos', '61044900', 1),
('015P', 'Baby Look Gola V Plus', '/GG/EG/', '19.90', NULL, 'Feminino', 'Grupo:Blusas;Grupo:Plus', 'Blusas', '61069000', 1),
('1000', 'Camisa Gola Red Fem', '/P/M/G/', '16.90', NULL, 'Feminino', 'Grupo:Blusas', 'Blusas', '61061000', 1),
('010P', 'Blusa Plus Tule', '/G/GG/EG/', '21.90', NULL, 'Feminino', 'Grupo:Blusas;Grupo:Plus', 'Blusas', '61099000', 1),
('002', 'Camiseta de Bainha', '/P/M/G/GG/', '10.90', NULL, 'Feminino', 'Grupo:Camisetas', 'Camisetas', '61099000', 1),
('234', 'Macaco Visc Ombro S', '/P/M/G/', '52.90', NULL, 'Feminino', 'Grupo:Macacoes;Novidade', 'Macacoes', '61149090', 1),
('212', 'Blusa Thiara', '/P/M/G/GG/', '29.90', NULL, 'Feminino', 'Grupo:Blusas;Novidade', 'Blusas', '61069000', 1),
('530', 'Vestido Ju Bengaline', '/P/M/G/GG/', '34.90', NULL, 'Feminino', 'Grupo:Vestidos;Novidade', 'Vestidos', '61044900', 1),
('243', 'Vestido Tubinho Renda', '/P/M/G/', '43.90', NULL, 'Feminino', 'Grupo:Vestidos', 'Vestidos', '61044900', 1),
('261', 'Cala De Montaria Fecho', '/P/M/G/GG/', '34.90', NULL, 'Feminino', 'Grupo:CalcaBermuda;Grupo:Fitness;promo', 'CalcaBermuda', '61046900', 1),
('460', 'Saia Lpis Beng', '/P/M/G/GG/', '24.90', NULL, 'Feminino', 'Grupo:Saias;Novidade', 'Saias', '61045900', 1),
('243P', 'Vestido Tubinho Renda Plus', '/GG/EG/', '47.90', NULL, 'Feminino', 'Grupo:Vestidos;Grupo:Plus', 'Vestidos', '61044900', 1),
('801P', 'Blusa Larga Plus', '/G/GG/EG/', '19.90', NULL, 'Feminino', 'Grupo:Blusas;Grupo:Plus', 'Blusas', '61069000', 1),
('354P', 'Cala Flare Bengaline Plus', '/GG/EG/', '41.90', NULL, 'Feminino', 'Grupo:CalcaBermuda;Grupo:Plus;Novidade', 'CalcaBermuda', '61046900', 1),
('801E', 'Blusa Larga Est', '/P/M/', '18.90', NULL, 'Feminino', 'Grupo:Blusas', 'Blusas', '61069000', 1),
('523P', 'Vestido Renda Tolle Plus', '/G/GG/EG/', '42.90', NULL, 'Feminino', 'Grupo:Vestidos;Grupo:Plus;Novidade', 'Vestidos', '61044900', 1),
('527E', 'Vestido Manga Fla Est', '/P/M/G/', '38.90', NULL, 'Feminino', 'Grupo:Vestidos;Novidade', 'Vestidos', '61044900', 1),
('354', 'Cala Flare Bengaline', '/P/M/G/', '37.90', NULL, 'Feminino', 'Grupo:CalcaBermuda;Novidade', 'CalcaBermuda', '61046900', 1),
('260P', 'Cala De Montaria Plus', '/EG/', '42.90', NULL, 'Feminino', 'Grupo:CalcaBermuda;Grupo:Plus;Grupo:Fitness', 'CalcaBermuda', '61046900', 1),
('209P', 'Blusa Renata Plus', '/GG/EG/', '24.90', NULL, 'Feminino', 'Grupo:Blusas;Grupo:Plus;Novidade', 'Blusas', '61069000', 1),
('210E', 'Blusa Visc Ombro S Est', '/P/M/G/', '24.90', NULL, 'Feminino', 'Grupo:Blusas;Novidade', 'Blusas', '61099000', 1),
('392', 'Casaco Moletinho Capuz', '/P/M/G/', '39.90', NULL, 'Feminino', 'Grupo:Casacos;Novidade', 'Casacos', '61069000', 1),
('108E', 'Blusa Gola V Ml Est', '/P/M/G/GG/', '19.90', NULL, 'Feminino', 'Grupo:Blusas;oculto', 'Blusas', '61069000', 1),
('213', 'Blusa Bianca', '/P/M/G/GG/', '21.90', NULL, 'Feminino', 'Grupo:Blusas;Novidade', 'Blusas', '61069000', 1),
('260', 'Cala De Montaria', '/P/M/G/GG/', '36.90', NULL, 'Feminino', 'Grupo:CalcaBermuda;Grupo:Fitness', 'CalcaBermuda', '61046900', 1),
('2000', 'Camisa Gola Red Masc', '/P/M/G/', '17.90', NULL, 'Masculino', 'Grupo:CamisaLisa', 'CamisaLisa', '61051000', 1),
('001', 'Camiseta Alcinha', '/P/M/G/', '9.90', NULL, 'Feminino', 'Grupo:Camisetas', 'Camisetas', '61099000', 1),
('001P', 'Camiseta Alcinha Plus', '/GG/EG/', '11.90', NULL, 'Feminino', 'Grupo:Camisetas;Grupo:Plus', 'Camisetas', '61099000', 1),
('006', 'Camiseta Olmpica', '/P/M/G/GG/', '11.90', NULL, 'Feminino', 'Grupo:Camisetas', 'Camisetas', '61099000', 1),
('002E', 'Camiseta De Bainha Est', '/P/M/G/GG/', '12.90', NULL, 'Feminino', 'Grupo:Camisetas', 'Camisetas', '61099000', 1),
('001EP', 'Camiseta Alcinha Est Plus', '/GG/EG/', '12.90', NULL, 'Feminino', 'Grupo:Camisetas;Grupo:Plus', 'Camisetas', '61099000', 1),
('015', 'Baby Look Gola V', '/P/M/G/', '16.90', NULL, 'Feminino', 'Grupo:Blusas', 'Blusas', '61069000', 1),
('015EP', 'Baby Look Gola V Est Plus', '/GG/EG/', '21.90', NULL, 'Feminino', 'Grupo:Blusas;Grupo:Plus', 'Blusas', '61069000', 1),
('1000P', 'Camisa Gola Red Fem', '/GG/EG/', '19.90', NULL, 'Feminino', 'Grupo:Blusas', 'Blusas', '61061000', 1),
('210', 'Blusa Visc Ombro S', '/P/M/G/', '24.90', NULL, 'Feminino', 'Grupo:Blusas;Novidade', 'Blusas', '61099000', 1),
('262', 'Cala De Montaria Bolso', '/P/M/G/GG/', '36.90', NULL, 'Feminino', 'Grupo:CalcaBermuda;Grupo:Fitness', 'CalcaBermuda', '61046900', 1),
('263P', 'Cala De Montaria R Plus', '/EG/', '49.90', NULL, 'Feminino', 'Grupo:CalcaBermuda;Grupo:Plus;Grupo:Fitness', 'CalcaBermuda', '61046900', 1),
('317', 'Casaco Bengaline', '/P/M/G/', '39.90', NULL, 'Feminino', 'Grupo:Casacos;Novidade', 'Casacos', '61029000', 1),
('355', 'Cala Leg Bengaline', '/P/M/G/', '37.90', NULL, 'Feminino', 'Grupo:CalcaBermuda;Novidade', 'CalcaBermuda', '61046900', 1),
('387', 'Casaquinho Np', '/P/M/G/', '34.90', NULL, 'Feminino', 'Grupo:Casacos;Novidade', 'Casacos', '61029000', 1),
('387P', 'Casaquinho Np Plus', '/GG/EG/', '39.90', NULL, 'Feminino', 'Grupo:Casacos;Grupo:Plus;Novidade', 'Casacos', '61029000', 1),
('388', 'Colete Np', '/P/M/G/GG/', '26.90', NULL, 'Feminino', 'Grupo:Casacos;Novidade', 'Casacos', '61029000', 1),
('389P', 'Casaco Moletinho Plus', '/GG/EG/', '46.90', NULL, 'Feminino', 'Grupo:Casacos;Grupo:Plus;Novidade', 'Casacos', '61069000', 1),
('393P', 'Blusa Moletinho Plus', '/GG/EG/', '38.90', NULL, 'Feminino', 'Grupo:Blusas;Grupo:Plus;Novidade', 'Blusas', '61069000', 1),
('454P', 'Cala Moletinho Vivo Plus', '/GG/EG/', '38.90', NULL, 'Feminino', 'Grupo:Camisetas;Grupo:Plus;Novidade', 'Camisetas', '61046900', 1),
('455', 'Casaco Moletinho Vivo', '/P/M/G/', '39.90', NULL, 'Feminino', 'Grupo:Casacos;Novidade', 'Casacos', '61069000', 1),
('455P', 'Casaco Moletinho Vivo Plus', '/GG/EG/', '46.90', NULL, 'Feminino', 'Grupo:Casacos;Grupo:Plus;Novidade', 'Casacos', '61069000', 1),
('506', 'Saia Longa', '/P/M/G/GG/', '29.90', NULL, 'Feminino', 'Grupo:Saias', 'Saias', '61045900', 1),
('524', 'Vestido Leca', '/P/M/G/GG/', '39.90', NULL, 'Feminino', 'Grupo:Vestidos;Novidade', 'Vestidos', '61044900', 1),
('529', 'Vestido Botes', '/P/M/G/GG/', '31.90', NULL, 'Feminino', 'Grupo:Vestidos;Novidade', 'Vestidos', '61044900', 1),
('716E', 'Vestido Tubinho Est', '/P/M/G/GG/', '32.90', NULL, 'Feminino', 'Grupo:Vestidos', 'Vestidos', '61044900', 1),
('801EP', 'Blusa Larga Est Plus', '/G/GG/EG/', '24.90', NULL, 'Feminino', 'Grupo:Blusas;Grupo:Plus', 'Blusas', '61069000', 1),
('835', 'Body Basic Ml', '/P/M/G/GG/', '26.90', NULL, 'Feminino', 'Grupo:Blusas', 'Blusas', '61069000', 1),
('961E', 'Blusa Cigana Est', '/P/M/G/GG/', '36.90', NULL, 'Feminino', 'Grupo:Blusas;Novidade', 'Blusas', '61099000', 1),
('961EP', 'Blusa Cigana Est Plus', '/GG/EG/', '39.90', NULL, 'Feminino', 'Grupo:Blusas;Grupo:Plus;Novidade', 'Blusas', '61099000', 1),
('154P', 'Cala Legging Suplex Plus', '/EG/', '41.90', NULL, 'Feminino', 'Grupo:CalcaBermuda', 'CalcaBermuda', '61046900', 1),
('013', 'Baby Look Boto', '/P/M/G/', '12.90', NULL, 'Feminino', 'Grupo:Blusas;promo', 'Blusas', '61069000', 1),
('156', 'Bermuda Splx Enr', '/P/M/G/GG/', '12.90', NULL, 'Feminino', 'Grupo:CalcaBermuda;Grupo:Fitness;promo', 'CalcaBermuda', '61046900', 1),
('813', 'Blusa C/ Gola De Lao', '/P/M/G/GG/', '12.90', NULL, 'Feminino', 'Grupo:Blusas;promo', 'Blusas', '61069000', 1),
('516', 'Saia Camila', '/P/M/G/', '24.90', NULL, 'Feminino', 'Grupo:Saias;promo', 'Saias', '61045900', 1),
('516E', 'Saia Camila Est', '/P/M/G/', '24.90', NULL, 'Feminino', 'Grupo:Saias;promo', 'Saias', '61045900', 1),
('174', 'Blusa Sobreleg V', '/P/M/', '12.90', NULL, 'Feminino', 'Grupo:Blusas;promo', 'Blusas', '61069000', 1),
('302', 'Blusa De N', '/P/M/G/', '9.90', NULL, 'Feminino', 'Grupo:Blusas;promo', 'Blusas', '61069000', 1),
('450E', 'Conj. Cropped/pantalona', '/P/M/G/', '29.90', NULL, 'Feminino', 'Grupo:Conjuntos;promo', 'Conjuntos', '61149090', 1),
('347', 'Colete Franja', '/P/M/G/GG/', '19.90', NULL, 'Feminino', 'Grupo:Casacos;promo', 'Casacos', '61029000', 1),
('316E', 'Blusa Viscose Ponteiras Est', '/P/M/G/GG/', '19.90', NULL, 'Feminino', 'Grupo:Blusas;promo', 'Blusas', '61069000', 1),
('509', 'Saia Longa Bolso', '/P/M/G/', '24.90', NULL, 'Feminino', 'Grupo:Saias;promo', 'Saias', '61045900', 1),
('512', 'Saia Navajo', '/P/M/G/', '14.90', NULL, 'Feminino', 'Grupo:Saias;promo', 'Saias', '61045900', 1),
('908', 'Blusa Viscose Guipir', '/P/M/G/', '19.90', NULL, 'Feminino', 'Grupo:Blusas;promo', 'Blusas', '61069000', 1),
('314', 'Cardigan', '/P/M/G/GG/', '32.90', NULL, 'Feminino', 'Grupo:Casacos;oculto', 'Casacos', '61029000', 1),
('317P', 'Casaco Bengaline Plus', '/GG/EG/', '44.90', NULL, 'Feminino', 'Grupo:Casacos;Grupo:Plus;Novidade', 'Casacos', '61029000', 1),
('473', 'Saia God', '/P/M/G/', '31.90', NULL, 'Feminino', 'Grupo:Saias', 'Saias', '61045900', 1),
('386', 'Casaquinho', '/P/M/G/', '24.90', NULL, 'Feminino', 'Grupo:Casacos;oculto', 'Casacos', '61029000', 1),
('808', 'Blusa Tiras Costas', '/P/M/G/GG/', '24.90', NULL, 'Feminino', 'Grupo:Blusas', 'Blusas', '61069000', 1),
('015I', 'Baby Look Gola V Inf', '/4/6/8/10/12/', '11.90', NULL, 'Infantil', 'Grupo:Blusas', 'Blusas', '61069000', 1),
('130I', 'Cacharrel Inf', '/4/6/8/10/12/', '10.90', NULL, 'Infantil', 'Grupo:Blusas', 'Blusas', '61069000', 1),
('130P', 'Cacharrel Plus ', '/GG/EG/', '16.90', NULL, 'Feminino', 'Grupo:Blusas;Grupo:Plus;oculto', 'Blusas', '61069000', 1),
('108I', 'Blusa Ml V Inf', '/4/6/8/10/12/', '13.90', NULL, 'Infantil', 'Grupo:Blusas', 'Blusas', '61069000', 1),
('130', 'Cacharrel', '/P/M/G/', '14.90', NULL, 'Feminino', 'Grupo:Blusas;oculto', 'Blusas', '61069000', 1),
('108', 'Blusa Ml V', '/P/M/G/GG/', '17.90', NULL, 'Feminino', 'Grupo:Blusas;oculto', 'Blusas', '61069000', 1),
('154I', 'Cala Leg Suplex Inf', '/4/6/8/10/12/', '19.90', NULL, 'Infantil', 'Grupo:CalcaBermuda', 'CalcaBermuda', '61046900', 1),
('392P', 'Casaco Moletinho Capuz Plus', '/GG/EG/', '46.90', NULL, 'Feminino', 'Grupo:Casacos;Grupo:Plus;Novidade', 'Casacos', '61069000', 1),
('389', 'Casaco Moletinho', '/P/M/G/', '39.90', NULL, 'Feminino', 'Grupo:Casacos;Novidade', 'Casacos', '61069000', 1),
('454', 'Cala Moletinho Vivo', '/P/M/G/', '33.90', NULL, 'Feminino', 'Grupo:CalcaBermuda;Novidade', 'CalcaBermuda', '61046900', 1),
('226', 'Macaco Pantalona', '/P/M/G/', '46.90', NULL, 'Feminino', 'Grupo:Macacoes', 'Macacoes', '61149090', 1),
('500', 'Camisa Polo', '/P/M/G/', '28.90', NULL, 'Masculino', 'Grupo:Polo', 'Polo', '61059000', 1),
('500P', 'Camisa Polo Plus', '/GG/EG/', '33.90', NULL, 'Masculino', 'Grupo:Polo', 'Polo', '61059000', 1),
('2000P', 'Camisa Gola Red Masc Plus', '/GG/EG/', '20.90', NULL, 'Masculino', 'Grupo:CamisaLisa', 'CamisaLisa', '61051000', 1),
('108EI', 'Blusa Ml V Est Inf', '/4/6/8/10/12/', '14.90', NULL, 'Infantil', 'Grupo:Blusas', 'Blusas', '61069000', 1),
('151I', 'Cala Legging Inf', '/4/6/8/10/12/', '11.90', NULL, 'Infantil', 'Grupo:CalcaBermuda', 'CalcaBermuda', '61046900', 1),
('530P', 'Vestido Ju Bengaline Plus', '/EG/', '39.90', NULL, 'Feminino', 'Grupo:Vestidos;Grupo:Plus;Novidade', 'Vestidos', '61044900', 1),
('520', 'Vestido Soltinho Viscose ', '/P/M/G/GG/', '32.90', NULL, 'Feminino', 'Grupo:Vestidos', 'Vestidos', '61044900', 1),
('818', 'Vestido 2 Cores Barra Mc', '/P/M/G/GG/', '32.90', NULL, 'Feminino', 'Grupo:Vestidos', 'Vestidos', '61044900', 1),
('164', 'Vestido Ombro Ombro 3/4', '/P/M/G/GG/', '32.90', NULL, 'Feminino', 'Grupo:Vestidos', 'Vestidos', '61044900', 1),
('165', 'Vestido Transpasse Frente', '/P/M/G/GG/', '32.90', NULL, 'Feminino', 'Grupo:Vestidos', 'Vestidos', '61044900', 1),
('165E', 'Vestido Transpasse Frente Est', '/P/M/G/GG/', '34.90', NULL, 'Feminino', 'Grupo:Vestidos', 'Vestidos', '61044900', 1),
('168E', 'Vestido Transpasse Est', '/P/M/G/GG/', '39.90', NULL, 'Feminino', 'Grupo:Vestidos', 'Vestidos', '61044900', 1),
('248', 'Vestido Mili Renda ', '/P/M/G/', '24.90', NULL, 'Feminino', 'Grupo:Vestidos;promo', 'Vestidos', '61044900', 1),
('514E', 'Vestido Lg Viscose Est', '/P/M/G/', '49.90', NULL, 'Feminino', 'Grupo:Vestidos', 'Vestidos', '61044900', 1),
('250E', 'Vestido Lg Rbia Est', '/P/M/G/GG/', '49.60', NULL, 'Feminino', 'Grupo:Vestidos', 'Vestidos', '61044900', 1),
('888P', 'Vestido Tule 2Cores Colu Plus', '/GG/EG/', '42.90', NULL, 'Feminino', 'Grupo:Vestidos;Grupo:Plus', 'Vestidos', '61044900', 1),
('355P', 'Cala Leg Bengaline Plus', '/GG/EG/', '41.90', NULL, 'Feminino', 'Grupo:CalcaBermuda;Grupo:Plus;Novidade', 'CalcaBermuda', '61046900', 1),
('503', 'Topper Bojo', '/P/M/G/GG/', '21.90', NULL, 'Feminino', 'Grupo:Fitness', 'Fitness', '61089900', 1),
('912', 'Camiseta Fitness', '/P/M/G/GG/', '17.90', NULL, 'Feminino', 'Grupo:Camisetas;Grupo:Fitness', 'Camisetas', '61099000', 1),
('386P', 'Casaquinho Plus', '/GG/EG/', '28.90', NULL, 'Feminino', 'Grupo:Casacos;Grupo:Plus;oculto', 'Casacos', '61029000', 1),
('386E', 'Casaquinho Estampado', 'ERROR Tam', '32.90', NULL, 'Feminino', 'Grupo:Casacos', 'Casacos', '61029000', 1),
('388P', 'Colete Np Plus', '/EG/', '29.90', NULL, 'Feminino', 'Grupo:Casacos;Grupo:Plus;Novidade', 'Casacos', '61029000', 1),
('504', 'Topper', '/P/M/G/GG/', '14.90', NULL, 'Feminino', 'Grupo:Fitness', 'Fitness', '61089900', 1),
('SP00001', 'Saia Corino', '', '20.00', NULL, 'Feminino', NULL, NULL, NULL, 2),
('SP00002', 'Conjunto Plush', '', '50.00', NULL, 'Feminino', NULL, NULL, NULL, 2),
('SP00003', 'Blusa Peludinha Curta', '', '22.00', NULL, '', NULL, NULL, NULL, 2),
('SP00004', 'Blusa Peludinha Longa', '', '25.00', NULL, '', NULL, NULL, NULL, 2),
('SP00005', 'Cala Bandagem', '', '25.00', NULL, '', NULL, NULL, NULL, 2),
('SP00006', 'Sobretudo', '', '40.00', NULL, '', NULL, NULL, NULL, 2),
('SP00007', 'Camisa Xadrez Flanelada Plus', '', '30.00', NULL, '', NULL, NULL, NULL, 2),
('SP00008', 'Vestido Jeans', '', '35.00', NULL, '', NULL, NULL, NULL, 2),
('SP00009', 'Vestido Jeans ML', '', '35.00', NULL, '', NULL, NULL, NULL, 2),
('SP00010', 'Cachecol', '', '10.00', NULL, '', NULL, NULL, NULL, 2),
('SP00011', 'Cardigan', '', '15.00', NULL, '', NULL, NULL, NULL, 2),
('SP00012', 'Luva', '', '5.00', NULL, '', NULL, NULL, NULL, 2),
('SP00013', 'Camisa Xadrez Malha', '', '20.00', NULL, '', NULL, NULL, NULL, 2),
('SP00014', 'Camisa Jeans c Lycra', '', '40.00', NULL, '', NULL, NULL, NULL, 2),
('SP00015', 'Camisa Jeans', '', '35.00', NULL, '', NULL, NULL, NULL, 2),
('SP00016', 'Cueca', '', '5.00', NULL, '', NULL, NULL, NULL, 2),
('SP00017', 'Jaqueta Forrada', '', '85.00', NULL, '', NULL, NULL, NULL, 2),
('SP00018', 'Jaqueta Forrada 2', '', '80.00', NULL, '', NULL, NULL, NULL, 2);

-- --------------------------------------------------------

--
-- Table structure for table `usuarios`
--

CREATE TABLE `usuarios` (
  `id_usuario` int(11) NOT NULL,
  `razaosocial` varchar(45) COLLATE utf8_unicode_ci NOT NULL,
  `cnpj` varchar(45) COLLATE utf8_unicode_ci DEFAULT NULL,
  `data_nascimento` date DEFAULT NULL,
  `sexo` varchar(56) COLLATE utf8_unicode_ci DEFAULT NULL,
  `nomefantasia` varchar(45) COLLATE utf8_unicode_ci DEFAULT NULL,
  `cidade` varchar(45) COLLATE utf8_unicode_ci DEFAULT NULL,
  `estado` varchar(2) COLLATE utf8_unicode_ci DEFAULT NULL,
  `contato` varchar(128) COLLATE utf8_unicode_ci DEFAULT NULL,
  `outroscontatos` varchar(512) COLLATE utf8_unicode_ci DEFAULT NULL,
  `email` varchar(45) COLLATE utf8_unicode_ci DEFAULT NULL,
  `ie` varchar(30) COLLATE utf8_unicode_ci DEFAULT NULL,
  `logradouro` varchar(128) COLLATE utf8_unicode_ci DEFAULT NULL,
  `num` varchar(12) COLLATE utf8_unicode_ci DEFAULT NULL,
  `complemento` varchar(56) COLLATE utf8_unicode_ci DEFAULT NULL,
  `bairro` varchar(56) COLLATE utf8_unicode_ci DEFAULT NULL,
  `CEP` varchar(30) COLLATE utf8_unicode_ci DEFAULT NULL,
  `protestos` varchar(64) COLLATE utf8_unicode_ci DEFAULT NULL,
  `senha` varchar(40) COLLATE utf8_unicode_ci DEFAULT NULL,
  `acesso` varchar(128) COLLATE utf8_unicode_ci DEFAULT NULL,
  `contconect` varchar(3) COLLATE utf8_unicode_ci DEFAULT NULL,
  `comissao` decimal(8,2) DEFAULT NULL,
  `comissaofat` decimal(8,2) DEFAULT NULL,
  `tipo_pessoa` varchar(2) COLLATE utf8_unicode_ci DEFAULT NULL,
  `Obs` varchar(1024) COLLATE utf8_unicode_ci DEFAULT NULL
) ENGINE=MyISAM DEFAULT CHARSET=utf8 COLLATE=utf8_unicode_ci;

--
-- Dumping data for table `usuarios`
--

INSERT INTO `usuarios` (`id_usuario`, `razaosocial`, `cnpj`, `data_nascimento`, `sexo`, `nomefantasia`, `cidade`, `estado`, `contato`, `outroscontatos`, `email`, `ie`, `logradouro`, `num`, `complemento`, `bairro`, `CEP`, `protestos`, `senha`, `acesso`, `contconect`, `comissao`, `comissaofat`, `tipo_pessoa`, `Obs`) VALUES
(1, 'ROLF MODAS LTDA', '19556708000151', '2014-01-21', NULL, 'Rolf Modas', 'Rio Pomba', 'MG', '32-35711010', NULL, 'rolf@rolfmodas.com.br', '0022932320033', 'Praa Dr. ltimo de Carvalho', '02', NULL, 'Centro', '36180000', NULL, NULL, 'Fornecedor', NULL, NULL, NULL, 'J', NULL),
(2, 'Brs - SP', '00.000.000/0000-00', '1900-01-01', NULL, 'So Paulo ', 'So Paulo', 'SP', '11-99999999', '', 'naotem@naotememail', '', 'Rua Joo Teodoro', 'SN', '', 'Brs', '03009-000', NULL, NULL, 'Fornecedor', NULL, NULL, NULL, NULL, NULL);

--
-- Indexes for dumped tables
--

--
-- Indexes for table `movimentacao`
--
ALTER TABLE `movimentacao`
  ADD PRIMARY KEY (`id_mov`);

--
-- Indexes for table `produtos`
--
ALTER TABLE `produtos`
  ADD PRIMARY KEY (`ref`);

--
-- Indexes for table `usuarios`
--
ALTER TABLE `usuarios`
  ADD PRIMARY KEY (`id_usuario`);

--
-- AUTO_INCREMENT for dumped tables
--

--
-- AUTO_INCREMENT for table `movimentacao`
--
ALTER TABLE `movimentacao`
  MODIFY `id_mov` int(11) NOT NULL AUTO_INCREMENT, AUTO_INCREMENT=435;

--
-- AUTO_INCREMENT for table `usuarios`
--
ALTER TABLE `usuarios`
  MODIFY `id_usuario` int(11) NOT NULL AUTO_INCREMENT, AUTO_INCREMENT=3;
COMMIT;

/*!40101 SET CHARACTER_SET_CLIENT=@OLD_CHARACTER_SET_CLIENT */;
/*!40101 SET CHARACTER_SET_RESULTS=@OLD_CHARACTER_SET_RESULTS */;
/*!40101 SET COLLATION_CONNECTION=@OLD_COLLATION_CONNECTION */;
